PlayerID,Name,player,nationality,position,team,age,birth_year,games,games_starts,minutes,minutes_90s,goals,assists,goals_assists,goals_pens,pens_made,pens_att,cards_yellow,cards_red,goals_per90,assists_per90,goals_assists_per90,goals_pens_per90,goals_assists_pens_per90,matches,goals_per_shot,goals_per_shot_on_target,shots,shots_on_target,shots_on_target_pct,shots_on_target_per90,shots_per90,gk_clean_sheets,gk_clean_sheets_pct,gk_games,gk_games_starts,gk_goals_against,gk_goals_against_per90,gk_losses,gk_minutes,gk_pens_allowed,gk_pens_att,gk_pens_missed,gk_pens_save_pct,gk_pens_saved,gk_save_pct,gk_saves,gk_shots_on_target_against,gk_ties,gk_wins,League,Season
86bddbc7,Shuto Abe,Shuto Abe,jp JPN,MF,RWDM,26,1997,27,26,"2,219",24.7,2,1,3,2,0,0,6,0,0.08,0.04,0.12,0.08,0.12,Matches,0.07,0.33,30,6,20.0,0.24,1.22,,,,,,,,,,,,,,,,,,,Challenger Pro League,2024-2025
aa861653,Adnane Abid,Adnane Abid,be BEL,MF,Patro Eisden,20,2003,26,26,"2,293",25.5,4,7,11,4,0,0,5,0,0.16,0.27,0.43,0.16,0.43,Matches,0.10,0.24,41,17,41.5,0.67,1.61,,,,,,,,,,,,,,,,,,,Challenger Pro League,2024-2025
ab130e74,Kurt Abrahams,Kurt Abrahams,za RSA,MF,Beveren,27,1996,13,9,813,9.0,2,4,6,2,0,0,5,0,0.22,0.44,0.66,0.22,0.66,Matches,0.11,0.33,19,6,31.6,0.66,2.10,,,,,,,,,,,,,,,,,,,Challenger Pro League,2024-2025
9962d6f7,Noah Adedeji,Noah Adedeji,be BEL,MF,Jong Genk,19,2005,3,3,213,2.4,0,1,1,0,0,0,0,0,0.00,0.42,0.42,0.00,0.42,Matches,0.00,0.00,4,2,50.0,0.85,1.69,,,,,,,,,,,,,,,,,,,Challenger Pro League,2024-2025
26bea588,Bryan Adinany,Bryan Adinany,mg MAD,FW,Lierse,24,2000,22,20,"1,740",19.3,7,2,9,5,2,2,5,1,0.36,0.10,0.47,0.26,0.36,Matches,0.11,0.28,45,18,40.0,0.93,2.33,,,,,,,,,,,,,,,,,,,Challenger Pro League,2024-2025
c5d0e6a5,Malek Adrar,Malek Adrar,ma MAR,MF,Francs Borains,20,2004,1,0,10,0.1,0,0,0,0,0,0,0,0,0.00,0.00,0.00,0.00,0.00,Matches,,,0,0,,0.00,0.00,,,,,,,,,,,,,,,,,,,Challenger Pro League,2024-2025
c8ceae20,Kluiverth Aguilar,Kluiverth Aguilar,pe PER,DF,Lommel,21,2003,16,13,"1,087",12.1,0,1,1,0,0,0,2,0,0.00,0.08,0.08,0.00,0.08,Matches,0.00,,5,0,0.0,0.00,0.41,,,,,,,,,,,,,,,,,,,Challenger Pro League,2024-2025
1377ff7e,Christian Akpan,Christian Akpan,ng NGA,MF,Jong Genk,19,2005,22,21,"1,848",20.5,0,0,0,0,0,0,4,0,0.00,0.00,0.00,0.00,0.00,Matches,0.00,0.00,18,6,33.3,0.29,0.88,,,,,,,,,,,,,,,,,,,Challenger Pro League,2024-2025
848e30b2,George Alalabang,George Alalabang,cm CMR,"DF,MF",Seraing,20,2004,20,7,696,7.7,0,2,2,0,0,0,0,0,0.00,0.26,0.26,0.00,0.26,Matches,0.00,0.00,10,5,50.0,0.65,1.29,,,,,,,,,,,,,,,,,,,Challenger Pro League,2024-2025
7ac358e2,Alessandro Albanese,Alessandro Albanese,be BEL,MF,RFC Liège,24,2000,8,1,146,1.6,1,1,2,1,0,0,0,0,0.62,0.62,1.23,0.62,1.23,Matches,0.14,0.33,7,3,42.9,1.85,4.32,,,,,,,,,,,,,,,,,,,Challenger Pro League,2024-2025
19445646,Maxime Allione,Maxime Allione,fr FRA,DF,Seraing,24,2000,23,13,"1,251",13.9,2,2,4,2,0,0,7,0,0.14,0.14,0.29,0.14,0.29,Matches,0.40,1.00,5,2,40.0,0.14,0.36,,,,,,,,,,,,,,,,,,,Challenger Pro League,2024-2025
01df0dc4,Teddy Alloh,Teddy Alloh,fr FRA,"DF,MF",Eupen,22,2002,23,18,"1,464",16.3,1,2,3,1,0,0,6,0,0.06,0.12,0.18,0.06,0.18,Matches,0.50,1.00,2,1,50.0,0.06,0.12,,,,,,,,,,,,,,,,,,,Challenger Pro League,2024-2025
345b7e03,Alpha Amadou Barry,Alpha Amadou Barry,nl NED,DF,Jong Genk,17,2007,1,0,22,0.2,0,0,0,0,0,0,0,0,0.00,0.00,0.00,0.00,0.00,Matches,,,0,0,,0.00,0.00,,,,,,,,,,,,,,,,,,,Challenger Pro League,2024-2025
09afe920,Yeboah Amankwah,Yeboah Amankwah,eng ENG,DF,Lommel,23,2000,10,4,405,4.5,0,0,0,0,0,0,2,1,0.00,0.00,0.00,0.00,0.00,Matches,0.00,0.00,1,1,100.0,0.22,0.22,,,,,,,,,,,,,,,,,,,Challenger Pro League,2024-2025
625b9243,Naïm Amengai,Naïm Amengai,be BEL,MF,Club NXT,16,2008,1,0,11,0.1,0,0,0,0,0,0,0,0,0.00,0.00,0.00,0.00,0.00,Matches,,,0,0,,0.00,0.00,,,,,,,,,,,,,,,,,,,Challenger Pro League,2024-2025
a9b9d89c,Nilson Angulo,Nilson Angulo,ec ECU,"MF,FW",RSCA Futures,21,2003,5,4,340,3.8,2,1,3,2,0,0,0,0,0.53,0.26,0.79,0.53,0.79,Matches,0.22,0.67,9,3,33.3,0.79,2.38,,,,,,,,,,,,,,,,,,,Challenger Pro League,2024-2025
cad4009e,Paul Argney,Paul Argney,fr FRA,GK,Francs Borains,18,2006,1,1,90,1.0,0,0,0,0,0,0,0,0,0.00,0.00,0.00,0.00,0.00,Matches,,,0,0,,0.00,0.00,0,0.0,1,1,2,2.00,1,90,1,1,0,0.0,0,50.0,1,2,0,0,Challenger Pro League,2024-2025
508a9011,Mohamed El Arouch,Mohamed El Arouch,fr FRA,MF,RWDM,20,2004,4,0,116,1.3,0,1,1,0,0,0,1,0,0.00,0.78,0.78,0.00,0.78,Matches,0.00,,2,0,0.0,0.00,1.55,,,,,,,,,,,,,,,,,,,Challenger Pro League,2024-2025
b2fef8db,Abian Arslan,Abian Arslan,be BEL,"MF,FW",RFC Liège,19,2004,25,11,"1,152",12.8,2,3,5,2,0,0,5,0,0.16,0.23,0.39,0.16,0.39,Matches,0.10,0.67,20,3,15.0,0.23,1.56,,,,,,,,,,,,,,,,,,,Challenger Pro League,2024-2025
10556287,Dirk Asare,Dirk Asare,be BEL,MF,Lierse,20,2004,9,5,450,5.0,0,0,0,0,0,0,4,0,0.00,0.00,0.00,0.00,0.00,Matches,0.00,,3,0,0.0,0.00,0.60,,,,,,,,,,,,,,,,,,,Challenger Pro League,2024-2025
552e00b9,Majeed Ashimeru,Majeed Ashimeru,gh GHA,MF,RSCA Futures,26,1997,2,0,75,0.8,0,0,0,0,0,0,0,0,0.00,0.00,0.00,0.00,0.00,Matches,,,0,0,,0.00,0.00,,,,,,,,,,,,,,,,,,,Challenger Pro League,2024-2025
df4296a4,Zakaria Atteri,Zakaria Atteri,be BEL,FW,RFC Liège,23,2001,23,20,"1,738",19.3,7,3,10,7,0,1,5,2,0.36,0.16,0.52,0.36,0.52,Matches,0.11,0.29,66,24,36.4,1.24,3.42,,,,,,,,,,,,,,,,,,,Challenger Pro League,2024-2025
32feb0cf,Lynnt Audoor,Lynnt Audoor,be BEL,MF,Club NXT,20,2003,19,19,"1,590",17.7,7,3,10,4,3,3,7,0,0.40,0.17,0.57,0.23,0.40,Matches,0.15,0.40,26,10,38.5,0.57,1.47,,,,,,,,,,,,,,,,,,,Challenger Pro League,2024-2025
6d8878dc,Sem Audoor,Sem Audoor,be BEL,DF,Club NXT,20,2003,20,18,"1,488",16.5,1,3,4,1,0,0,4,0,0.06,0.18,0.24,0.06,0.24,Matches,0.14,0.33,7,3,42.9,0.18,0.42,,,,,,,,,,,,,,,,,,,Challenger Pro League,2024-2025
f87aba16,Abdul Aziz Ouédraogo,Abdul Aziz Ouédraogo,bf BFA,DF,Beveren,18,2005,5,4,362,4.0,0,1,1,0,0,0,0,0,0.00,0.25,0.25,0.00,0.25,Matches,0.00,,3,0,0.0,0.00,0.75,,,,,,,,,,,,,,,,,,,Challenger Pro League,2024-2025
a81f33b5,Ousmane Ba,Ousmane Ba,sn SEN,GK,Seraing,22,2002,5,5,450,5.0,0,0,0,0,0,0,1,0,0.00,0.00,0.00,0.00,0.00,Matches,,,0,0,,0.00,0.00,0,0.0,5,5,9,1.80,3,450,2,2,0,0.0,0,65.0,13,20,2,0,Challenger Pro League,2024-2025
3c43e7db,Abdul Baaki Awudu,Abdul Baaki Awudu,gh GHA,DF,RWDM,21,2003,2,0,7,0.1,0,0,0,0,0,0,0,0,0.00,0.00,0.00,0.00,0.00,Matches,,,0,0,,0.00,0.00,,,,,,,,,,,,,,,,,,,Challenger Pro League,2024-2025
aa738a36,Zaïd Bafdili,Zaïd Bafdili,be BEL,MF,Jong Genk,16,2007,13,6,608,6.8,0,1,1,0,0,0,4,0,0.00,0.15,0.15,0.00,0.15,Matches,0.00,0.00,11,3,27.3,0.44,1.63,,,,,,,,,,,,,,,,,,,Challenger Pro League,2024-2025
f9125a57,Mohamed Baghli,Mohamed Baghli,be BEL,FW,RWDM,18,2006,1,0,3,0.0,0,0,0,0,0,0,0,0,0.00,0.00,0.00,0.00,0.00,Matches,,,0,0,,0.00,0.00,,,,,,,,,,,,,,,,,,,Challenger Pro League,2024-2025
117f5081,Julian Baiocchi,Julian Baiocchi,be BEL,MF,RFC Liège,17,2007,1,0,1,0.0,0,0,0,0,0,0,0,0,0.00,0.00,0.00,0.00,0.00,Matches,,,0,0,,0.00,0.00,,,,,,,,,,,,,,,,,,,Challenger Pro League,2024-2025
7e3e825e,Brandon Baiye,Brandon Baiye,be BEL,MF,Eupen,23,2000,22,18,"1,596",17.7,0,0,0,0,0,0,6,1,0.00,0.00,0.00,0.00,0.00,Matches,0.00,,4,0,0.0,0.00,0.23,,,,,,,,,,,,,,,,,,,Challenger Pro League,2024-2025
57adb60d,Simon Bammens,Simon Bammens,be BEL,"MF,FW",Patro Eisden,26,1998,27,20,"1,865",20.7,7,0,7,7,0,0,7,0,0.34,0.00,0.34,0.34,0.34,Matches,0.19,0.50,36,14,38.9,0.68,1.74,,,,,,,,,,,,,,,,,,,Challenger Pro League,2024-2025
8bb4c92e,Jhon Banguera,Jhon Banguera,co COL,DF,Lommel,20,2004,9,3,400,4.4,0,0,0,0,0,0,1,0,0.00,0.00,0.00,0.00,0.00,Matches,,,0,0,,0.00,0.00,,,,,,,,,,,,,,,,,,,Challenger Pro League,2024-2025
61fa6bf0,Soufiane El Banouhi,Soufiane El Banouhi,be BEL,DF,Lokeren-Temse,32,1992,4,2,203,2.3,0,0,0,0,0,0,1,0,0.00,0.00,0.00,0.00,0.00,Matches,0.00,0.00,1,1,100.0,0.44,0.44,,,,,,,,,,,,,,,,,,,Challenger Pro League,2024-2025
ddb3e73f,Ismael Baouf,Ismael Baouf,ma MAR,DF,RSCA Futures,17,2006,26,23,"1,996",22.2,2,0,2,2,0,0,6,0,0.09,0.00,0.09,0.09,0.09,Matches,0.10,0.33,21,6,28.6,0.27,0.95,,,,,,,,,,,,,,,,,,,Challenger Pro League,2024-2025
5a91853f,Atli Barkarson,Atli Barkarson,is ISL,"DF,MF",Zulte Waregem,23,2001,19,17,"1,533",17.0,1,2,3,1,0,0,1,0,0.06,0.12,0.18,0.06,0.18,Matches,0.10,0.33,10,3,30.0,0.18,0.59,,,,,,,,,,,,,,,,,,,Challenger Pro League,2024-2025
636686ac,Kaïs Barry,Kaïs Barry,be BEL,"DF,MF",RSCA Futures,18,2006,21,16,"1,493",16.6,2,1,3,2,0,0,3,0,0.12,0.06,0.18,0.12,0.18,Matches,0.25,0.50,8,4,50.0,0.24,0.48,,,,,,,,,,,,,,,,,,,Challenger Pro League,2024-2025
9e03d22e,Yacouba Barry,Yacouba Barry,fr FRA,MF,RWDM,21,2002,2,0,12,0.1,0,0,0,0,0,0,0,0,0.00,0.00,0.00,0.00,0.00,Matches,,,0,0,,0.00,0.00,,,,,,,,,,,,,,,,,,,Challenger Pro League,2024-2025
35809f46,Sheldon Bateau,Sheldon Bateau,tt TRI,DF,Beveren,33,1991,13,2,358,4.0,0,0,0,0,0,0,0,0,0.00,0.00,0.00,0.00,0.00,Matches,0.00,0.00,3,2,66.7,0.50,0.75,,,,,,,,,,,,,,,,,,,Challenger Pro League,2024-2025
d6a2276e,Jordi Belin,Jordi Belin,be BEL,GK,Patro Eisden,29,1995,28,28,"2,520",28.0,0,0,0,0,0,0,2,0,0.00,0.00,0.00,0.00,0.00,Matches,,,0,0,,0.00,0.00,10,35.7,28,28,28,1.00,5,"2,520",1,1,0,0.0,0,75.9,85,112,10,13,Challenger Pro League,2024-2025
14340768,Mouhamed Belkheir,Mouhamed Belkheir,fr FRA,FW,La Louvière,25,1999,25,22,"1,887",21.0,13,3,16,10,3,3,4,1,0.62,0.14,0.76,0.48,0.62,Matches,0.15,0.36,66,28,42.4,1.34,3.15,,,,,,,,,,,,,,,,,,,Challenger Pro League,2024-2025
330f762a,Soufiane Benjdida,Soufiane Benjdida,ma MAR,FW,RWDM,22,2001,10,5,405,4.5,1,0,1,1,0,0,0,0,0.22,0.00,0.22,0.22,0.22,Matches,0.06,0.11,16,9,56.3,2.00,3.56,,,,,,,,,,,,,,,,,,,Challenger Pro League,2024-2025
62c79b68,Mickaël Biron,Mickaël Biron,mq MTQ,"MF,FW",RWDM,26,1997,11,8,741,8.2,5,0,5,5,0,0,5,1,0.61,0.00,0.61,0.61,0.61,Matches,0.13,0.42,39,12,30.8,1.46,4.74,,,,,,,,,,,,,,,,,,,Challenger Pro League,2024-2025
8e7fe607,Jesse Bisiwu,Jesse Bisiwu,be BEL,MF,Club NXT,16,2008,14,3,423,4.7,2,2,4,2,0,0,0,0,0.43,0.43,0.85,0.43,0.85,Matches,0.29,0.50,7,4,57.1,0.85,1.49,,,,,,,,,,,,,,,,,,,Challenger Pro League,2024-2025
0f697e02,Nathan Bitumazala,Nathan Bitumazala,fr FRA,MF,Eupen,21,2002,8,8,623,6.9,0,2,2,0,0,0,0,0,0.00,0.29,0.29,0.00,0.29,Matches,0.00,0.00,13,1,7.7,0.14,1.88,,,,,,,,,,,,,,,,,,,Challenger Pro League,2024-2025
76596fc0,Adrien Bongiovanni,Adrien Bongiovanni,be BEL,"MF,FW",La Louvière,24,1999,10,5,415,4.6,2,2,4,2,0,0,2,0,0.43,0.43,0.87,0.43,0.87,Matches,0.12,0.50,17,4,23.5,0.87,3.69,,,,,,,,,,,,,,,,,,,Challenger Pro League,2024-2025
63554582,Viktor Boone,Viktor Boone,be BEL,DF,Lierse,26,1998,24,24,"2,082",23.1,0,0,0,0,0,0,6,0,0.00,0.00,0.00,0.00,0.00,Matches,0.00,0.00,11,2,18.2,0.09,0.48,,,,,,,,,,,,,,,,,,,Challenger Pro League,2024-2025
3f33607b,Indy Boonen,Indy Boonen,be BEL,"MF,FW",Lokeren-Temse,25,1999,25,24,"1,782",19.8,3,4,7,3,0,0,6,0,0.15,0.20,0.35,0.15,0.35,Matches,0.12,0.43,25,7,28.0,0.35,1.26,,,,,,,,,,,,,,,,,,,Challenger Pro League,2024-2025
1c9c3836,Kjetil Borry,Kjetil Borry,be BEL,DF,Patro Eisden,29,1994,23,23,"1,965",21.8,3,2,5,3,0,0,5,2,0.14,0.09,0.23,0.14,0.23,Matches,0.14,0.27,21,11,52.4,0.50,0.96,,,,,,,,,,,,,,,,,,,Challenger Pro League,2024-2025
35515402,Ivann Botella,Ivann Botella,fr FRA,"FW,MF",La Louvière,25,1999,10,9,751,8.3,3,1,4,2,1,1,0,0,0.36,0.12,0.48,0.24,0.36,Matches,0.08,0.25,24,8,33.3,0.96,2.88,,,,,,,,,,,,,,,,,,,Challenger Pro League,2024-2025
14c449e8,Ilyas Bouazzaoui,Ilyas Bouazzaoui,be BEL,MF,Jong Genk,17,2007,4,1,88,1.0,0,0,0,0,0,0,0,0,0.00,0.00,0.00,0.00,0.00,Matches,0.00,,1,0,0.0,0.00,1.02,,,,,,,,,,,,,,,,,,,Challenger Pro League,2024-2025
6957c62d,Nabil Bouchentouf,Nabil Bouchentouf,dz ALG,"MF,DF",Seraing,21,2003,17,10,852,9.5,0,0,0,0,0,0,2,0,0.00,0.00,0.00,0.00,0.00,Matches,0.00,,8,0,0.0,0.00,0.85,,,,,,,,,,,,,,,,,,,Challenger Pro League,2024-2025
893637c2,Naïm Boujouh,Naïm Boujouh,be BEL,DF,Lokeren-Temse,27,1996,27,27,"2,396",26.6,0,0,0,0,0,0,6,0,0.00,0.00,0.00,0.00,0.00,Matches,0.00,0.00,11,1,9.1,0.04,0.41,,,,,,,,,,,,,,,,,,,Challenger Pro League,2024-2025
82c5290f,Bassim Boukteb,Bassim Boukteb,be BEL,MF,Seraing,23,2001,14,8,682,7.6,0,0,0,0,0,0,4,0,0.00,0.00,0.00,0.00,0.00,Matches,0.00,0.00,5,2,40.0,0.26,0.66,,,,,,,,,,,,,,,,,,,Challenger Pro League,2024-2025
03162be4,Sebastiaan Brebels,Sebastiaan Brebels,be BEL,MF,Lokeren-Temse,29,1995,27,27,"2,356",26.2,5,0,5,5,0,0,6,0,0.19,0.00,0.19,0.19,0.19,Matches,0.24,0.38,21,13,61.9,0.50,0.80,,,,,,,,,,,,,,,,,,,Challenger Pro League,2024-2025
cb8b60b7,Benoît Bruggeman,Benoît Bruggeman,be BEL,MF,RFC Liège,27,1997,22,19,"1,561",17.3,1,2,3,1,0,0,4,0,0.06,0.12,0.17,0.06,0.17,Matches,0.03,0.06,40,16,40.0,0.92,2.31,,,,,,,,,,,,,,,,,,,Challenger Pro League,2024-2025
b2e93cc1,Lucca Brughmans,Lucca Brughmans,be BEL,GK,Jong Genk,16,2008,11,11,990,11.0,0,0,0,0,0,0,0,0,0.00,0.00,0.00,0.00,0.00,Matches,,,0,0,,0.00,0.00,1,9.1,11,11,22,2.00,8,990,1,2,0,50.0,1,58.8,31,51,3,0,Challenger Pro League,2024-2025
b59d84e9,Christian Brüls,Christian Brüls,be BEL,MF,Beveren,35,1988,13,10,812,9.0,1,1,2,1,0,0,3,0,0.11,0.11,0.22,0.11,0.22,Matches,0.06,0.14,16,7,43.8,0.78,1.77,,,,,,,,,,,,,,,,,,,Challenger Pro League,2024-2025
1387679f,Simon Buggea,Simon Buggea,be BEL,FW,Seraing,17,2007,13,9,858,9.5,2,2,4,2,0,0,2,0,0.21,0.21,0.42,0.21,0.42,Matches,0.12,0.33,17,6,35.3,0.63,1.78,,,,,,,,,,,,,,,,,,,Challenger Pro League,2024-2025
1c27de39,Jordan Bustin,Jordan Bustin,be BEL,DF,RFC Liège,25,1998,13,11,"1,068",11.9,2,0,2,2,0,0,5,0,0.17,0.00,0.17,0.17,0.17,Matches,0.18,1.00,11,2,18.2,0.17,0.93,,,,,,,,,,,,,,,,,,,Challenger Pro League,2024-2025
3a348e64,Mathieu Cachbach,Mathieu Cachbach,be BEL,MF,Seraing,23,2001,24,19,"1,746",19.4,2,2,4,0,2,2,6,0,0.10,0.10,0.21,0.00,0.10,Matches,0.00,0.00,24,6,25.0,0.31,1.24,,,,,,,,,,,,,,,,,,,Challenger Pro League,2024-2025
bb5acde6,Alfred Caicedo,Alfred Caicedo,ec ECU,DF,Jong Genk,19,2004,11,8,752,8.4,0,0,0,0,0,0,2,0,0.00,0.00,0.00,0.00,0.00,Matches,0.00,0.00,1,1,100.0,0.12,0.12,,,,,,,,,,,,,,,,,,,Challenger Pro League,2024-2025
8bc9e338,Alexis Calant,Alexis Calant,fr FRA,DF,Lokeren-Temse,27,1997,2,1,132,1.5,0,0,0,0,0,0,0,0,0.00,0.00,0.00,0.00,0.00,Matches,,,0,0,,0.00,0.00,,,,,,,,,,,,,,,,,,,Challenger Pro League,2024-2025
47e97c92,Bertan Çalışkan,Bertan Çalışkan,be BEL,"MF,FW",Eupen,19,2005,28,13,"1,198",13.3,2,3,5,2,0,0,3,0,0.15,0.23,0.38,0.15,0.38,Matches,0.17,0.33,12,6,50.0,0.45,0.90,,,,,,,,,,,,,,,,,,,Challenger Pro League,2024-2025
d462f116,Ali Camara,Ali Camara,be BEL,FW,Jong Genk,16,2008,5,0,75,0.8,0,0,0,0,0,0,0,0,0.00,0.00,0.00,0.00,0.00,Matches,0.00,,1,0,0.0,0.00,1.20,,,,,,,,,,,,,,,,,,,Challenger Pro League,2024-2025
be6b194e,Hady Camara,Hady Camara,fr FRA,DF,La Louvière,22,2002,9,8,730,8.1,0,0,0,0,0,0,1,0,0.00,0.00,0.00,0.00,0.00,Matches,0.00,,3,0,0.0,0.00,0.37,,,,,,,,,,,,,,,,,,,Challenger Pro League,2024-2025
03c491c0,Mohamed Camara,Mohamed Camara,gn GUI,"FW,MF",Seraing,20,2004,16,4,615,6.8,1,0,1,1,0,0,1,0,0.15,0.00,0.15,0.15,0.15,Matches,0.06,0.20,18,5,27.8,0.73,2.63,,,,,,,,,,,,,,,,,,,Challenger Pro League,2024-2025
79fc3546,Shandre Campbell,Shandre Campbell,za RSA,MF,Club NXT,19,2005,19,17,"1,313",14.6,9,2,11,9,0,0,5,1,0.62,0.14,0.75,0.62,0.75,Matches,0.16,0.43,55,21,38.2,1.44,3.77,,,,,,,,,,,,,,,,,,,Challenger Pro League,2024-2025
2c51a1b3,Yannick Cappelle,Yannick Cappelle,be BEL,DF,Zulte Waregem,21,2003,10,8,694,7.7,0,0,0,0,0,0,0,0,0.00,0.00,0.00,0.00,0.00,Matches,0.00,0.00,2,1,50.0,0.13,0.26,,,,,,,,,,,,,,,,,,,Challenger Pro League,2024-2025
89705def,Alessio Cascio,Alessio Cascio,be BEL,MF,RFC Liège,30,1994,19,10,"1,037",11.5,1,3,4,1,0,0,5,0,0.09,0.26,0.35,0.09,0.35,Matches,0.05,0.14,21,7,33.3,0.61,1.82,,,,,,,,,,,,,,,,,,,Challenger Pro League,2024-2025
3be2ef62,Arne Cassaert,Arne Cassaert,be BEL,DF,Lokeren-Temse,23,2000,6,4,353,3.9,0,0,0,0,0,0,0,0,0.00,0.00,0.00,0.00,0.00,Matches,0.00,0.00,3,1,33.3,0.25,0.76,,,,,,,,,,,,,,,,,,,Challenger Pro League,2024-2025
b07a1a3e,Michiel Cauwel,Michiel Cauwel,be BEL,DF,Jong Genk,17,2007,12,4,501,5.6,1,1,2,1,0,0,1,0,0.18,0.18,0.36,0.18,0.36,Matches,0.20,0.25,5,4,80.0,0.72,0.90,,,,,,,,,,,,,,,,,,,Challenger Pro League,2024-2025
945227f5,Maxime Cavelier,Maxime Cavelier,be BEL,MF,RFC Liège,21,2002,15,1,400,4.4,0,1,1,0,0,0,0,0,0.00,0.23,0.23,0.00,0.23,Matches,0.00,0.00,13,1,7.7,0.23,2.93,,,,,,,,,,,,,,,,,,,Challenger Pro League,2024-2025
ab5315ff,Youssef Challouk,Youssef Challouk,be BEL,"MF,FW",Zulte Waregem,28,1995,15,8,686,7.6,2,0,2,2,0,0,4,0,0.26,0.00,0.26,0.26,0.26,Matches,0.15,0.22,13,9,69.2,1.18,1.71,,,,,,,,,,,,,,,,,,,Challenger Pro League,2024-2025
a67ddd86,Regan Charles-Cook,Regan Charles-Cook,gd GRN,"MF,FW",Eupen,27,1997,26,26,"2,228",24.8,6,1,7,6,0,1,5,0,0.24,0.04,0.28,0.24,0.28,Matches,0.12,0.27,52,22,42.3,0.89,2.10,,,,,,,,,,,,,,,,,,,Challenger Pro League,2024-2025
f6c58454,Luca Chavet,Luca Chavet,be BEL,DF,Eupen,20,2004,3,0,118,1.3,0,0,0,0,0,0,0,0,0.00,0.00,0.00,0.00,0.00,Matches,,,0,0,,0.00,0.00,,,,,,,,,,,,,,,,,,,Challenger Pro League,2024-2025
3c569f37,Justin Che,Justin Che,us USA,DF,Patro Eisden,20,2003,9,9,810,9.0,0,0,0,0,0,0,1,0,0.00,0.00,0.00,0.00,0.00,Matches,0.00,,5,0,0.0,0.00,0.56,,,,,,,,,,,,,,,,,,,Challenger Pro League,2024-2025
c42137eb,Glenn Claes,Glenn Claes,be BEL,"MF,FW",Lierse,30,1994,26,24,"2,063",22.9,6,2,8,6,0,0,6,0,0.26,0.09,0.35,0.26,0.35,Matches,0.13,0.38,45,16,35.6,0.70,1.96,,,,,,,,,,,,,,,,,,,Challenger Pro League,2024-2025
f8ee334c,Thomas Claes,Thomas Claes,be BEL,MF,Jong Genk,20,2004,25,25,"2,198",24.4,3,3,6,2,1,2,1,0,0.12,0.12,0.25,0.08,0.20,Matches,0.04,0.10,51,20,39.2,0.82,2.09,,,,,,,,,,,,,,,,,,,Challenger Pro League,2024-2025
39032d5d,Aboubacar Conté,Aboubacar Conté,be BEL,MF,RSCA Futures,18,2006,1,0,10,0.1,0,0,0,0,0,0,0,0,0.00,0.00,0.00,0.00,0.00,Matches,,,0,0,,0.00,0.00,,,,,,,,,,,,,,,,,,,Challenger Pro League,2024-2025
39032d5d,Aboubacar Conté,Aboubacar Conté,be BEL,MF,RSCA Futures,18,2006,1,0,10,0.1,0,0,0,0,0,0,0,0,0.00,0.00,0.00,0.00,0.00,Matches,,,0,0,,0.00,0.00,,,,,,,,,,,,,,,,,,,Challenger Pro League,2024-2025
39032d5d,Aboubacar Conté,Aboubacar Conté,be BEL,MF,Lierse,18,2006,2,0,58,0.6,0,0,0,0,0,0,0,0,0.00,0.00,0.00,0.00,0.00,Matches,,,0,0,,0.00,0.00,,,,,,,,,,,,,,,,,,,Challenger Pro League,2024-2025
39032d5d,Aboubacar Conté,Aboubacar Conté,be BEL,MF,Lierse,18,2006,2,0,58,0.6,0,0,0,0,0,0,0,0,0.00,0.00,0.00,0.00,0.00,Matches,,,0,0,,0.00,0.00,,,,,,,,,,,,,,,,,,,Challenger Pro League,2024-2025
7628b359,Sander Coopman,Sander Coopman,be BEL,MF,Beveren,29,1995,11,8,656,7.3,1,0,1,1,0,0,4,1,0.14,0.00,0.14,0.14,0.14,Matches,0.17,0.50,6,2,33.3,0.27,0.82,,,,,,,,,,,,,,,,,,,Challenger Pro League,2024-2025
b7bcb918,Victor Corneillie,Victor Corneillie,fr FRA,DF,La Louvière,26,1997,9,4,470,5.2,0,1,1,0,0,0,1,0,0.00,0.19,0.19,0.00,0.19,Matches,0.00,0.00,3,1,33.3,0.19,0.57,,,,,,,,,,,,,,,,,,,Challenger Pro League,2024-2025
237ddca6,Alexander Corryn,Alexander Corryn,be BEL,DF,Beveren,30,1994,24,24,"2,018",22.4,2,1,3,2,0,0,10,1,0.09,0.04,0.13,0.09,0.13,Matches,0.15,0.33,13,6,46.2,0.27,0.58,,,,,,,,,,,,,,,,,,,Challenger Pro League,2024-2025
5c050733,Vangelis Costoulas,Vangelis Costoulas,be BEL,DF,Seraing,17,2007,1,0,20,0.2,0,0,0,0,0,0,0,0,0.00,0.00,0.00,0.00,0.00,Matches,,,0,0,,0.00,0.00,,,,,,,,,,,,,,,,,,,Challenger Pro League,2024-2025
0e77f5ce,Alessio Curci,Alessio Curci,lu LUX,"MF,FW",Francs Borains,22,2002,27,25,"1,950",21.7,7,3,10,7,0,0,2,0,0.32,0.14,0.46,0.32,0.46,Matches,0.18,0.44,38,16,42.1,0.74,1.75,,,,,,,,,,,,,,,,,,,Challenger Pro League,2024-2025
8ba8f058,Jonathan D'Ostilio,Jonathan D'Ostilio,be BEL,DF,RFC Liège,30,1994,28,27,"2,399",26.7,1,1,2,1,0,0,8,0,0.04,0.04,0.08,0.04,0.08,Matches,0.06,0.17,16,6,37.5,0.23,0.60,,,,,,,,,,,,,,,,,,,Challenger Pro League,2024-2025
8acd70a7,Emmanuel Da Costa,Emmanuel Da Costa,,"MF,DF",Lierse,20,2004,16,8,759,8.4,1,0,1,1,0,0,5,1,0.12,0.00,0.12,0.12,0.12,Matches,0.20,1.00,5,1,20.0,0.12,0.59,,,,,,,,,,,,,,,,,,,Challenger Pro League,2024-2025
8db513e0,Wilson Da Costa,Wilson Da Costa,be BEL,"MF,FW",Jong Genk,17,2007,18,8,866,9.6,1,0,1,1,0,0,1,0,0.10,0.00,0.10,0.10,0.10,Matches,0.04,0.13,24,8,33.3,0.83,2.49,,,,,,,,,,,,,,,,,,,Challenger Pro League,2024-2025
d5742cdd,Flavio Da Silva,Flavio Da Silva,fr FRA,"MF,FW",RFC Liège,23,2001,23,18,"1,244",13.8,7,2,9,7,0,0,5,0,0.51,0.14,0.65,0.51,0.65,Matches,0.19,0.39,36,18,50.0,1.30,2.60,,,,,,,,,,,,,,,,,,,Challenger Pro League,2024-2025
4a021593,Andréa Dacourt,Andréa Dacourt,fr FRA,MF,Francs Borains,19,2005,5,4,299,3.3,0,1,1,0,0,0,2,0,0.00,0.30,0.30,0.00,0.30,Matches,0.00,,1,0,0.0,0.00,0.30,,,,,,,,,,,,,,,,,,,Challenger Pro League,2024-2025
7f78c3ac,Victor Daguin,Victor Daguin,fr FRA,MF,Lierse,24,2000,28,24,"2,119",23.5,2,0,2,2,0,0,4,0,0.08,0.00,0.08,0.08,0.08,Matches,0.08,0.25,26,8,30.8,0.34,1.10,,,,,,,,,,,,,,,,,,,Challenger Pro League,2024-2025
708260fd,Niklo Dailly,Niklo Dailly,be BEL,"FW,MF",Lierse,22,2001,18,8,751,8.3,4,1,5,4,0,0,3,0,0.48,0.12,0.60,0.48,0.60,Matches,0.20,0.33,20,12,60.0,1.44,2.40,,,,,,,,,,,,,,,,,,,Challenger Pro League,2024-2025
49cccf02,Luca Dalla Costa,Luca Dalla Costa,be BEL,DF,Eupen,17,2007,13,1,222,2.5,1,1,2,1,0,0,1,0,0.41,0.41,0.81,0.41,0.81,Matches,1.00,1.00,1,1,100.0,0.41,0.41,,,,,,,,,,,,,,,,,,,Challenger Pro League,2024-2025
cd95bc16,Bafodé Dansoko,Bafodé Dansoko,gn GUI,MF,Patro Eisden,28,1995,22,19,"1,628",18.1,4,2,6,4,0,0,0,0,0.22,0.11,0.33,0.22,0.33,Matches,0.10,0.27,39,15,38.5,0.83,2.16,,,,,,,,,,,,,,,,,,,Challenger Pro League,2024-2025
896123d0,Elyess Dao,Elyess Dao,ma MAR,"MF,FW",RSCA Futures,17,2006,6,6,433,4.8,1,1,2,1,0,0,3,0,0.21,0.21,0.42,0.21,0.42,Matches,0.08,0.33,13,3,23.1,0.62,2.70,,,,,,,,,,,,,,,,,,,Challenger Pro League,2024-2025
e2b165de,Dylan Dassy,Dylan Dassy,be BEL,"MF,DF",Beveren,21,2003,8,6,442,4.9,1,0,1,1,0,0,1,0,0.20,0.00,0.20,0.20,0.20,Matches,0.20,0.50,5,2,40.0,0.41,1.02,,,,,,,,,,,,,,,,,,,Challenger Pro League,2024-2025
2b79ecf5,Wout De Buyser,Wout De Buyser,be BEL,"MF,DF",Lierse,23,2001,8,7,615,6.8,1,3,4,1,0,0,1,0,0.15,0.44,0.59,0.15,0.59,Matches,0.14,0.25,7,4,57.1,0.59,1.02,,,,,,,,,,,,,,,,,,,Challenger Pro League,2024-2025
f9eb5094,Nathan De Cat,Nathan De Cat,be BEL,MF,RSCA Futures,16,2008,22,20,"1,714",19.0,3,4,7,3,0,0,7,0,0.16,0.21,0.37,0.16,0.37,Matches,0.17,0.43,18,7,38.9,0.37,0.95,,,,,,,,,,,,,,,,,,,Challenger Pro League,2024-2025
f2cb16a0,Axl De Corte,Axl De Corte,be BEL,GK,Club NXT,18,2006,18,18,"1,620",18.0,0,0,0,0,0,0,1,0,0.00,0.00,0.00,0.00,0.00,Matches,,,0,0,,0.00,0.00,6,33.3,18,18,21,1.17,4,"1,620",1,2,1,0.0,0,68.8,44,64,4,10,Challenger Pro League,2024-2025
90988cff,Devon De Corte,Devon De Corte,be BEL,MF,RSCA Futures,18,2006,18,10,852,9.5,0,2,2,0,0,0,1,0,0.00,0.21,0.21,0.00,0.21,Matches,0.00,0.00,12,3,25.0,0.32,1.27,,,,,,,,,,,,,,,,,,,Challenger Pro League,2024-2025
e9acb98d,Sam De Grand,Sam De Grand,nl NED,DF,Lommel,19,2004,12,11,997,11.1,1,2,3,1,0,0,0,1,0.09,0.18,0.27,0.09,0.27,Matches,0.13,0.33,8,3,37.5,0.27,0.72,,,,,,,,,,,,,,,,,,,Challenger Pro League,2024-2025
ef9db20a,Bo De Kerf,Bo De Kerf,be BEL,MF,Lierse,20,2003,12,12,"1,045",11.6,1,1,2,1,0,0,2,0,0.09,0.09,0.17,0.09,0.17,Matches,0.17,0.50,6,2,33.3,0.17,0.52,,,,,,,,,,,,,,,,,,,Challenger Pro League,2024-2025
aecdea51,Daan De Peuter,Daan De Peuter,be BEL,MF,Lierse,17,2007,3,0,48,0.5,0,1,1,0,0,0,0,0,0.00,1.87,1.87,0.00,1.87,Matches,0.00,0.00,2,1,50.0,1.87,3.75,,,,,,,,,,,,,,,,,,,Challenger Pro League,2024-2025
44f5676c,Alexander De Ridder,Alexander De Ridder,be BEL,MF,RSCA Futures,16,2008,1,0,18,0.2,0,0,0,0,0,0,0,0,0.00,0.00,0.00,0.00,0.00,Matches,0.00,,1,0,0.0,0.00,5.00,,,,,,,,,,,,,,,,,,,Challenger Pro League,2024-2025
96a79596,Geronimo De Ridder,Geronimo De Ridder,be BEL,GK,Seraing,22,2002,1,0,13,0.1,0,0,0,0,0,0,0,0,0.00,0.00,0.00,0.00,0.00,Matches,,,0,0,,0.00,0.00,0,,1,0,0,0.00,0,13,0,0,0,,0,100.0,2,2,0,0,Challenger Pro League,2024-2025
f5891ed1,Denzel De Roeve,Denzel De Roeve,be BEL,DF,Club NXT,19,2004,15,14,"1,154",12.8,1,1,2,1,0,0,3,0,0.08,0.08,0.16,0.08,0.16,Matches,0.10,1.00,10,1,10.0,0.08,0.78,,,,,,,,,,,,,,,,,,,Challenger Pro League,2024-2025
a8eec09a,Alexis De Sart,Alexis De Sart,be BEL,MF,RWDM,27,1996,11,0,189,2.1,0,0,0,0,0,0,1,0,0.00,0.00,0.00,0.00,0.00,Matches,0.00,0.00,3,3,100.0,1.43,1.43,,,,,,,,,,,,,,,,,,,Challenger Pro League,2024-2025
56edc147,Pieter De Schrijver,Pieter De Schrijver,be BEL,"MF,DF",Lierse,23,2000,9,8,590,6.6,2,0,2,2,0,0,3,1,0.31,0.00,0.31,0.31,0.31,Matches,0.40,1.00,5,2,40.0,0.31,0.76,,,,,,,,,,,,,,,,,,,Challenger Pro League,2024-2025
4acdeee0,Guillaume De Schryver,Guillaume De Schryver,be BEL,MF,Beveren,27,1996,10,10,839,9.3,2,5,7,2,0,0,2,0,0.21,0.54,0.75,0.21,0.75,Matches,0.10,0.22,20,9,45.0,0.97,2.15,,,,,,,,,,,,,,,,,,,Challenger Pro League,2024-2025
c11bf5c3,Jarno De Smet,Jarno De Smet,be BEL,GK,Lierse,25,1999,2,2,180,2.0,0,0,0,0,0,0,0,0,0.00,0.00,0.00,0.00,0.00,Matches,,,0,0,,0.00,0.00,1,50.0,2,2,2,1.00,0,180,0,0,0,,0,33.3,1,3,0,2,Challenger Pro League,2024-2025
0e7b887d,Lenn De Smet,Lenn De Smet,be BEL,"MF,FW",Club NXT,20,2004,27,25,"2,199",24.4,8,4,12,8,0,1,6,0,0.33,0.16,0.49,0.33,0.49,Matches,0.21,0.50,39,16,41.0,0.65,1.60,,,,,,,,,,,,,,,,,,,Challenger Pro League,2024-2025
0a9fd118,Liam De Smet,Liam De Smet,be BEL,MF,Club NXT,20,2004,26,23,"2,086",23.2,1,3,4,1,0,0,7,0,0.04,0.13,0.17,0.04,0.17,Matches,0.06,0.25,17,4,23.5,0.17,0.73,,,,,,,,,,,,,,,,,,,Challenger Pro League,2024-2025
f83204db,Terry Van De Ven,Terry Van De Ven,be BEL,FW,RSCA Futures,16,2008,7,0,52,0.6,0,0,0,0,0,0,0,0,0.00,0.00,0.00,0.00,0.00,Matches,,,0,0,,0.00,0.00,,,,,,,,,,,,,,,,,,,Challenger Pro League,2024-2025
31412ea5,August De Wannemacker,August De Wannemacker,be BEL,"FW,MF",Jong Genk,15,2008,7,4,348,3.9,0,0,0,0,0,0,0,0,0.00,0.00,0.00,0.00,0.00,Matches,0.00,0.00,2,1,50.0,0.26,0.52,,,,,,,,,,,,,,,,,,,Challenger Pro League,2024-2025
a14762e4,Kevin Debaty,Kevin Debaty,be BEL,GK,RFC Liège,35,1989,8,7,634,7.0,0,0,0,0,0,0,0,0,0.00,0.00,0.00,0.00,0.00,Matches,,,0,0,,0.00,0.00,2,28.6,8,7,14,1.99,3,634,1,2,0,50.0,1,65.8,26,38,3,1,Challenger Pro League,2024-2025
933bf933,Massimo Decoene,Massimo Decoene,be BEL,DF,Lokeren-Temse,20,2004,6,2,197,2.2,0,0,0,0,0,0,0,0,0.00,0.00,0.00,0.00,0.00,Matches,,,0,0,,0.00,0.00,,,,,,,,,,,,,,,,,,,Challenger Pro League,2024-2025
cb1e8e5e,Lino Decresson,Lino Decresson,be BEL,FW,Jong Genk,17,2007,1,0,13,0.1,0,0,0,0,0,0,0,0,0.00,0.00,0.00,0.00,0.00,Matches,,,0,0,,0.00,0.00,,,,,,,,,,,,,,,,,,,Challenger Pro League,2024-2025
d5e2d63a,Tristan Degreef,Tristan Degreef,be BEL,MF,RSCA Futures,19,2005,3,3,270,3.0,1,0,1,1,0,0,1,0,0.33,0.00,0.33,0.33,0.33,Matches,0.14,0.33,7,3,42.9,1.00,2.33,,,,,,,,,,,,,,,,,,,Challenger Pro League,2024-2025
f7aa4b95,Lucas Delorge Knieper,Lucas Delorge Knieper,be BEL,MF,Club NXT,17,2007,4,0,92,1.0,1,0,1,1,0,0,1,0,0.98,0.00,0.98,0.98,0.98,Matches,1.00,1.00,1,1,100.0,0.98,0.98,,,,,,,,,,,,,,,,,,,Challenger Pro League,2024-2025
8e820ab3,Maxim Deman,Maxim Deman,be BEL,GK,Beveren,22,2001,1,1,90,1.0,0,0,0,0,0,0,0,0,0.00,0.00,0.00,0.00,0.00,Matches,,,0,0,,0.00,0.00,1,100.0,1,1,0,0.00,0,90,0,0,0,,0,100.0,2,2,0,1,Challenger Pro League,2024-2025
8269ca49,Pape Demba Diop,Pape Demba Diop,sn SEN,MF,Zulte Waregem,20,2003,27,27,"2,375",26.4,6,4,10,6,0,0,8,0,0.23,0.15,0.38,0.23,0.38,Matches,0.08,0.30,78,20,25.6,0.76,2.96,,,,,,,,,,,,,,,,,,,Challenger Pro League,2024-2025
970d6d40,Papa Demba Ndior,Papa Demba Ndior,sn SEN,FW,Patro Eisden,19,2004,17,2,282,3.1,1,1,2,1,0,0,3,0,0.32,0.32,0.64,0.32,0.64,Matches,0.07,0.17,14,6,42.9,1.91,4.47,,,,,,,,,,,,,,,,,,,Challenger Pro League,2024-2025
c5f53c3f,Dylan Demuynck,Dylan Demuynck,ph PHI,FW,Zulte Waregem,20,2004,2,0,12,0.1,0,0,0,0,0,0,0,0,0.00,0.00,0.00,0.00,0.00,Matches,,,0,0,,0.00,0.00,,,,,,,,,,,,,,,,,,,Challenger Pro League,2024-2025
8952e826,Dani van den Heuvel,Dani van den Heuvel,nl NED,GK,Club NXT,21,2003,6,6,540,6.0,0,0,0,0,0,0,1,0,0.00,0.00,0.00,0.00,0.00,Matches,,,0,0,,0.00,0.00,0,0.0,6,6,8,1.33,3,540,1,1,0,0.0,0,74.1,20,27,0,3,Challenger Pro League,2024-2025
6c4a9d2e,Jerome Deom,Jerome Deom,be BEL,"MF,FW",Eupen,25,1999,28,14,"1,584",17.6,3,5,8,3,0,0,4,0,0.17,0.28,0.45,0.17,0.45,Matches,0.12,0.27,26,11,42.3,0.62,1.48,,,,,,,,,,,,,,,,,,,Challenger Pro League,2024-2025
8ac9e7e8,Ennio van der Gouw,Ennio van der Gouw,nl NED,GK,Zulte Waregem,23,2001,28,28,"2,520",28.0,0,0,0,0,0,0,1,0,0.00,0.00,0.00,0.00,0.00,Matches,,,0,0,,0.00,0.00,7,25.0,28,28,30,1.07,5,"2,520",2,3,0,33.3,1,71.1,70,97,5,18,Challenger Pro League,2024-2025
bd69355b,Dorian Dessoleil,Dorian Dessoleil,be BEL,DF,Francs Borains,31,1992,24,24,"2,087",23.2,1,1,2,1,0,0,7,1,0.04,0.04,0.09,0.04,0.09,Matches,0.05,0.11,21,9,42.9,0.39,0.91,,,,,,,,,,,,,,,,,,,Challenger Pro League,2024-2025
f3a033bc,Sieben Dewaele,Sieben Dewaele,be BEL,MF,Beveren,25,1999,25,25,"2,249",25.0,0,3,3,0,0,0,9,0,0.00,0.12,0.12,0.00,0.12,Matches,0.00,0.00,7,3,42.9,0.12,0.28,,,,,,,,,,,,,,,,,,,Challenger Pro League,2024-2025
365836c9,Sébastien Dewaest,Sébastien Dewaest,be BEL,DF,Francs Borains,33,1991,12,5,436,4.8,0,0,0,0,0,0,1,0,0.00,0.00,0.00,0.00,0.00,Matches,,,0,0,,0.00,0.00,,,,,,,,,,,,,,,,,,,Challenger Pro League,2024-2025
7fd8fd7a,Raphaël Di Matteo,Raphaël Di Matteo,be BEL,MF,Eupen,18,2006,3,0,22,0.2,0,0,0,0,0,0,0,0,0.00,0.00,0.00,0.00,0.00,Matches,,,0,0,,0.00,0.00,,,,,,,,,,,,,,,,,,,Challenger Pro League,2024-2025
1c9607a9,Amadou Diallo,Amadou Diallo,be BEL,MF,RSCA Futures,19,2005,3,1,132,1.5,0,0,0,0,0,0,0,0,0.00,0.00,0.00,0.00,0.00,Matches,0.00,,3,0,0.0,0.00,2.05,,,,,,,,,,,,,,,,,,,Challenger Pro League,2024-2025
ae879304,Thierno Diallo,Thierno Diallo,gn GUI,MF,La Louvière,19,2004,9,1,148,1.6,0,0,0,0,0,0,0,0,0.00,0.00,0.00,0.00,0.00,Matches,,,0,0,,0.00,0.00,,,,,,,,,,,,,,,,,,,Challenger Pro League,2024-2025
d29d2eda,Jeovanni Dianganga,Jeovanni Dianganga,be BEL,DF,Lokeren-Temse,24,1999,21,20,"1,769",19.7,0,0,0,0,0,0,5,0,0.00,0.00,0.00,0.00,0.00,Matches,0.00,0.00,3,2,66.7,0.10,0.15,,,,,,,,,,,,,,,,,,,Challenger Pro League,2024-2025
2ddc421d,Djibril Diarra,Djibril Diarra,sn SEN,"MF,DF",Seraing,20,2004,15,12,"1,033",11.5,1,1,2,1,0,0,5,0,0.09,0.09,0.17,0.09,0.17,Matches,0.20,0.50,5,2,40.0,0.17,0.44,,,,,,,,,,,,,,,,,,,Challenger Pro League,2024-2025
bf309d24,Amadou Diawara,Amadou Diawara,gn GUI,MF,RSCA Futures,27,1997,4,3,278,3.1,0,0,0,0,0,0,1,0,0.00,0.00,0.00,0.00,0.00,Matches,,,0,0,,0.00,0.00,,,,,,,,,,,,,,,,,,,Challenger Pro League,2024-2025
cf6106b4,Sekou Diawara,Sekou Diawara,be BEL,FW,Francs Borains,20,2004,1,0,1,0.0,0,0,0,0,0,0,0,0,0.00,0.00,0.00,0.00,0.00,Matches,,,0,0,,0.00,0.00,,,,,,,,,,,,,,,,,,,Challenger Pro League,2024-2025
43a3af38,Finn Dicke,Finn Dicke,nl NED,MF,Beveren,19,2004,14,7,646,7.2,0,2,2,0,0,0,0,0,0.00,0.28,0.28,0.00,0.28,Matches,0.00,,6,0,0.0,0.00,0.84,,,,,,,,,,,,,,,,,,,Challenger Pro League,2024-2025
c2bb89b5,Henk Dijkhuizen,Henk Dijkhuizen,nl NED,DF,Patro Eisden,32,1992,18,17,"1,514",16.8,0,0,0,0,0,0,8,0,0.00,0.00,0.00,0.00,0.00,Matches,0.00,0.00,3,1,33.3,0.06,0.18,,,,,,,,,,,,,,,,,,,Challenger Pro League,2024-2025
ece30483,Gabriel Djondo,Gabriel Djondo,be BEL,MF,RSCA Futures,17,2007,3,1,95,1.1,0,0,0,0,0,0,0,0,0.00,0.00,0.00,0.00,0.00,Matches,,,0,0,,0.00,0.00,,,,,,,,,,,,,,,,,,,Challenger Pro League,2024-2025
b0cb313b,Noah Dodeigne,Noah Dodeigne,be BEL,DF,RWDM,21,2003,21,12,963,10.7,0,2,2,0,0,0,1,0,0.00,0.19,0.19,0.00,0.19,Matches,0.00,0.00,11,4,36.4,0.37,1.03,,,,,,,,,,,,,,,,,,,Challenger Pro League,2024-2025
4b383020,Joren Dom,Joren Dom,be BEL,DF,RSCA Futures,34,1989,15,13,"1,202",13.4,1,0,1,1,0,0,6,2,0.07,0.00,0.07,0.07,0.07,Matches,0.14,0.50,7,2,28.6,0.15,0.52,,,,,,,,,,,,,,,,,,,Challenger Pro League,2024-2025
e271a357,Romain Donnez,Romain Donnez,be BEL,"DF,MF",Francs Borains,21,2003,6,5,345,3.8,0,0,0,0,0,0,3,0,0.00,0.00,0.00,0.00,0.00,Matches,0.00,,1,0,0.0,0.00,0.26,,,,,,,,,,,,,,,,,,,Challenger Pro League,2024-2025
a33d9448,Djovkar Doudaev,Djovkar Doudaev,be BEL,DF,RWDM,20,2003,20,17,"1,399",15.5,0,0,0,0,0,0,2,0,0.00,0.00,0.00,0.00,0.00,Matches,0.00,,1,0,0.0,0.00,0.06,,,,,,,,,,,,,,,,,,,Challenger Pro League,2024-2025
916a4308,Ruben Droehnle,Ruben Droehnle,fr FRA,"DF,MF",Seraing,26,1998,27,27,"2,415",26.8,1,1,2,0,1,2,3,0,0.04,0.04,0.07,0.00,0.04,Matches,0.00,0.00,14,3,21.4,0.11,0.52,,,,,,,,,,,,,,,,,,,Challenger Pro League,2024-2025
f32cccdc,Saif Eddien Lazar,Saif Eddien Lazar,be BEL,MF,Jong Genk,17,2006,22,10,982,10.9,1,1,2,1,0,0,1,0,0.09,0.09,0.18,0.09,0.18,Matches,0.05,0.17,19,6,31.6,0.55,1.74,,,,,,,,,,,,,,,,,,,Challenger Pro League,2024-2025
f74159d0,John Edwin Montaño,John Edwin Montaño,co COL,MF,Lommel,17,2006,5,1,144,1.6,0,0,0,0,0,0,0,0,0.00,0.00,0.00,0.00,0.00,Matches,0.00,0.00,4,2,50.0,1.25,2.50,,,,,,,,,,,,,,,,,,,Challenger Pro League,2024-2025
18f4461c,Philip Ejike,Philip Ejike,ng NGA,FW,Eupen,22,2002,10,6,485,5.4,0,0,0,0,0,0,1,0,0.00,0.00,0.00,0.00,0.00,Matches,0.00,0.00,12,1,8.3,0.19,2.23,,,,,,,,,,,,,,,,,,,Challenger Pro League,2024-2025
5c9ac7f0,Renaud Emond,Renaud Emond,be BEL,"MF,FW",Eupen,32,1991,22,10,867,9.6,4,0,4,3,1,2,5,0,0.42,0.00,0.42,0.31,0.31,Matches,0.13,0.25,23,12,52.2,1.25,2.39,,,,,,,,,,,,,,,,,,,Challenger Pro League,2024-2025
19a5c58f,Nunzio Engwanda,Nunzio Engwanda,be BEL,"DF,MF",RSCA Futures,16,2007,23,19,"1,657",18.4,0,0,0,0,0,0,4,0,0.00,0.00,0.00,0.00,0.00,Matches,0.00,0.00,8,2,25.0,0.11,0.43,,,,,,,,,,,,,,,,,,,Challenger Pro League,2024-2025
896537e7,Jeppe Erenbjerg,Jeppe Erenbjerg,dk DEN,MF,Zulte Waregem,24,2000,26,24,"2,021",22.5,5,5,10,5,0,0,3,0,0.22,0.22,0.45,0.22,0.45,Matches,0.14,0.31,35,16,45.7,0.71,1.56,,,,,,,,,,,,,,,,,,,Challenger Pro League,2024-2025
476344e6,Hüseyin Ertürk,Hüseyin Ertürk,tr TUR,FW,Beveren,18,2006,7,0,149,1.7,0,0,0,0,0,0,1,0,0.00,0.00,0.00,0.00,0.00,Matches,0.00,0.00,3,1,33.3,0.60,1.81,,,,,,,,,,,,,,,,,,,Challenger Pro League,2024-2025
6b0c11ce,Amine Et-Taibi,Amine Et-Taibi,be BEL,DF,Club NXT,21,2003,16,14,"1,232",13.7,0,1,1,0,0,0,2,0,0.00,0.07,0.07,0.00,0.07,Matches,0.00,0.00,9,1,11.1,0.07,0.66,,,,,,,,,,,,,,,,,,,Challenger Pro League,2024-2025
cf931de3,Raphaël Eyongo,Raphaël Eyongo,nl NED,FW,La Louvière,21,2003,14,1,278,3.1,1,1,2,1,0,0,2,0,0.32,0.32,0.65,0.32,0.65,Matches,0.11,0.20,9,5,55.6,1.62,2.91,,,,,,,,,,,,,,,,,,,Challenger Pro League,2024-2025
3d6e5fdd,Benjamin Faraas,Benjamin Faraas,no NOR,"MF,FW",Club NXT,18,2005,15,8,633,7.0,1,1,2,1,0,0,1,0,0.14,0.14,0.28,0.14,0.28,Matches,0.13,0.50,8,2,25.0,0.28,1.14,,,,,,,,,,,,,,,,,,,Challenger Pro League,2024-2025
7ec3c92c,Wagane Faye,Wagane Faye,sn SEN,DF,La Louvière,30,1993,22,21,"1,827",20.3,0,1,1,0,0,0,7,0,0.00,0.05,0.05,0.00,0.05,Matches,0.00,0.00,11,2,18.2,0.10,0.54,,,,,,,,,,,,,,,,,,,Challenger Pro League,2024-2025
a86f2a8d,Jakov Filipović,Jakov Filipović,hr CRO,DF,Beveren,31,1992,21,18,"1,602",17.8,1,1,2,1,0,0,6,0,0.06,0.06,0.11,0.06,0.11,Matches,0.11,1.00,9,1,11.1,0.06,0.51,,,,,,,,,,,,,,,,,,,Challenger Pro League,2024-2025
f9e7c4ac,Alfreð Finnbogason,Alfreð Finnbogason,is ISL,FW,Eupen,35,1989,2,0,4,0.0,0,0,0,0,0,0,0,0,0.00,0.00,0.00,0.00,0.00,Matches,,,0,0,,0.00,0.00,,,,,,,,,,,,,,,,,,,Challenger Pro League,2024-2025
23067ffb,Jarne Flies,Jarne Flies,be BEL,MF,RSCA Futures,17,2007,1,0,21,0.2,0,0,0,0,0,0,0,0,0.00,0.00,0.00,0.00,0.00,Matches,,,0,0,,0.00,0.00,,,,,,,,,,,,,,,,,,,Challenger Pro League,2024-2025
5964bf19,Nicolas Fontaine,Nicolas Fontaine,mg MAD,FW,La Louvière,24,2000,4,0,63,0.7,0,0,0,0,0,0,2,1,0.00,0.00,0.00,0.00,0.00,Matches,0.00,,1,0,0.0,0.00,1.43,,,,,,,,,,,,,,,,,,,Challenger Pro League,2024-2025
5964bf19,Nicolas Fontaine,Nicolas Fontaine,mg MAD,FW,La Louvière,24,2000,4,0,63,0.7,0,0,0,0,0,0,2,1,0.00,0.00,0.00,0.00,0.00,Matches,0.00,,6,0,0.0,0.00,1.79,,,,,,,,,,,,,,,,,,,Challenger Pro League,2024-2025
5964bf19,Nicolas Fontaine,Nicolas Fontaine,mg MAD,MF,Lokeren-Temse,24,2000,7,4,301,3.3,0,1,1,0,0,0,1,0,0.00,0.30,0.30,0.00,0.30,Matches,0.00,,1,0,0.0,0.00,1.43,,,,,,,,,,,,,,,,,,,Challenger Pro League,2024-2025
5964bf19,Nicolas Fontaine,Nicolas Fontaine,mg MAD,MF,Lokeren-Temse,24,2000,7,4,301,3.3,0,1,1,0,0,0,1,0,0.00,0.30,0.30,0.00,0.30,Matches,0.00,,6,0,0.0,0.00,1.79,,,,,,,,,,,,,,,,,,,Challenger Pro League,2024-2025
c4cf381a,Mathias Francotte,Mathias Francotte,be BEL,"DF,MF",Francs Borains,26,1998,24,24,"2,088",23.2,0,2,2,0,0,0,6,0,0.00,0.09,0.09,0.00,0.09,Matches,0.00,0.00,4,1,25.0,0.04,0.17,,,,,,,,,,,,,,,,,,,Challenger Pro League,2024-2025
0875e746,Toon Franssen,Toon Franssen,be BEL,FW,Lommel,18,2006,1,0,9,0.1,0,0,0,0,0,0,1,0,0.00,0.00,0.00,0.00,0.00,Matches,,,0,0,,0.00,0.00,,,,,,,,,,,,,,,,,,,Challenger Pro League,2024-2025
00b77ecf,Nathan Fraser,Nathan Fraser,ie IRL,FW,Zulte Waregem,19,2005,3,0,25,0.3,0,0,0,0,0,0,0,0,0.00,0.00,0.00,0.00,0.00,Matches,0.00,0.00,2,2,100.0,7.20,7.20,,,,,,,,,,,,,,,,,,,Challenger Pro League,2024-2025
9fea2579,Kaye Furo,Kaye Furo,be BEL,FW,Club NXT,17,2007,17,15,"1,158",12.9,8,0,8,8,0,0,3,0,0.62,0.00,0.62,0.62,0.62,Matches,0.20,0.42,41,19,46.3,1.48,3.19,,,,,,,,,,,,,,,,,,,Challenger Pro League,2024-2025
4413097c,Brent Gabriël,Brent Gabriël,be BEL,GK,Lokeren-Temse,25,1999,27,27,"2,430",27.0,0,0,0,0,0,0,3,0,0.00,0.00,0.00,0.00,0.00,Matches,,,0,0,,0.00,0.00,9,33.3,27,27,31,1.15,10,"2,430",3,4,0,25.0,1,78.1,101,128,5,12,Challenger Pro League,2024-2025
54b14142,Stavros Gavriel,Stavros Gavriel,cy CYP,"MF,FW",Zulte Waregem,22,2002,25,21,"1,822",20.2,7,6,13,7,0,0,2,0,0.35,0.30,0.64,0.35,0.64,Matches,0.11,0.37,64,19,29.7,0.94,3.16,,,,,,,,,,,,,,,,,,,Challenger Pro League,2024-2025
9aea3176,Théo Gécé,Théo Gécé,be BEL,"MF,DF",Francs Borains,23,2001,27,15,"1,367",15.2,0,0,0,0,0,0,5,0,0.00,0.00,0.00,0.00,0.00,Matches,0.00,,1,0,0.0,0.00,0.07,,,,,,,,,,,,,,,,,,,Challenger Pro League,2024-2025
62f94e47,Emrehan Gedikli,Emrehan Gedikli,de GER,FW,Eupen,21,2003,22,12,"1,195",13.3,7,2,9,7,0,0,1,1,0.53,0.15,0.68,0.53,0.68,Matches,0.22,0.39,32,18,56.3,1.36,2.41,,,,,,,,,,,,,,,,,,,Challenger Pro League,2024-2025
9250bb0a,Jay-Dee Geusens,Jay-Dee Geusens,be BEL,MF,Beveren,22,2002,3,3,222,2.5,1,0,1,1,0,0,2,1,0.41,0.00,0.41,0.41,0.41,Matches,0.17,0.50,6,2,33.3,0.81,2.43,,,,,,,,,,,,,,,,,,,Challenger Pro League,2024-2025
deb17103,Xavier Gies,Xavier Gies,be BEL,GK,Francs Borains,27,1996,24,24,"2,160",24.0,0,0,0,0,0,0,2,0,0.00,0.00,0.00,0.00,0.00,Matches,,,0,0,,0.00,0.00,5,20.8,24,24,40,1.67,12,"2,160",2,2,0,0.0,0,60.4,58,96,4,8,Challenger Pro League,2024-2025
99a9b51f,Jordy Gillekens,Jordy Gillekens,be BEL,DF,Francs Borains,24,2000,26,22,"2,037",22.6,1,0,1,1,0,0,6,1,0.04,0.00,0.04,0.04,0.04,Matches,0.04,0.10,27,10,37.0,0.44,1.19,,,,,,,,,,,,,,,,,,,Challenger Pro League,2024-2025
05ab7931,Nolan Gillot,Nolan Gillot,fr FRA,DF,La Louvière,21,2002,18,12,930,10.3,2,0,2,2,0,0,5,0,0.19,0.00,0.19,0.19,0.19,Matches,0.25,0.50,8,4,50.0,0.39,0.77,,,,,,,,,,,,,,,,,,,Challenger Pro League,2024-2025
a247dec0,Fadel Gobitaka,Fadel Gobitaka,tg TOG,"DF,MF",La Louvière,26,1998,19,11,986,11.0,1,4,5,1,0,0,2,0,0.09,0.37,0.46,0.09,0.46,Matches,0.06,0.20,18,5,27.8,0.46,1.64,,,,,,,,,,,,,,,,,,,Challenger Pro League,2024-2025
da3ff57b,Laurens Goemare,Laurens Goemare,be BEL,MF,Club NXT,18,2006,19,13,"1,223",13.6,0,0,0,0,0,0,2,0,0.00,0.00,0.00,0.00,0.00,Matches,0.00,0.00,8,1,12.5,0.07,0.59,,,,,,,,,,,,,,,,,,,Challenger Pro League,2024-2025
143b9500,Jan Gorenc,Jan Gorenc,si SVN,DF,Eupen,25,1999,22,18,"1,473",16.4,4,0,4,4,0,0,5,1,0.24,0.00,0.24,0.24,0.24,Matches,0.29,0.67,14,6,42.9,0.37,0.86,,,,,,,,,,,,,,,,,,,Challenger Pro League,2024-2025
82a2ca86,Keisuke Goto,Keisuke Goto,jp JPN,"FW,MF",RSCA Futures,19,2005,16,16,"1,404",15.6,7,2,9,7,0,0,1,0,0.45,0.13,0.58,0.45,0.58,Matches,0.24,0.41,29,17,58.6,1.09,1.86,,,,,,,,,,,,,,,,,,,Challenger Pro League,2024-2025
bf4d6654,Alejandro Granados,Alejandro Granados,es ESP,MF,Club NXT,18,2006,23,18,"1,529",17.0,1,4,5,1,0,0,2,0,0.06,0.24,0.29,0.06,0.29,Matches,0.04,0.11,24,9,37.5,0.53,1.41,,,,,,,,,,,,,,,,,,,Challenger Pro League,2024-2025
dbcb288a,Samuel Gueulette,Samuel Gueulette,rw RWA,MF,La Louvière,24,2000,25,22,"1,774",19.7,1,1,2,1,0,0,8,0,0.05,0.05,0.10,0.05,0.10,Matches,0.07,0.14,15,7,46.7,0.36,0.76,,,,,,,,,,,,,,,,,,,Challenger Pro League,2024-2025
f62ff47d,Mo Guindo,Mo Guindo,ml MLI,FW,La Louvière,20,2003,25,18,"1,539",17.1,8,2,10,8,0,0,4,0,0.47,0.12,0.58,0.47,0.58,Matches,0.13,0.36,63,22,34.9,1.29,3.68,,,,,,,,,,,,,,,,,,,Challenger Pro League,2024-2025
ca1bea94,Michiel Haentjens,Michiel Haentjens,be BEL,GK,RSCA Futures,18,2006,3,3,225,2.5,0,0,0,0,0,0,0,0,0.00,0.00,0.00,0.00,0.00,Matches,,,0,0,,0.00,0.00,1,33.3,3,3,7,2.80,2,225,1,1,0,0.0,0,64.7,11,17,0,1,Challenger Pro League,2024-2025
13ac687e,Islamdine Halifa,Islamdine Halifa,fr FRA,MF,RWDM,19,2004,27,24,"2,016",22.4,1,3,4,1,0,0,6,0,0.04,0.13,0.18,0.04,0.18,Matches,0.03,0.14,32,7,21.9,0.31,1.43,,,,,,,,,,,,,,,,,,,Challenger Pro League,2024-2025
8eeef9c1,Ibrahim Halilou,Ibrahim Halilou,cm CMR,DF,RWDM,19,2005,3,0,29,0.3,0,0,0,0,0,0,1,0,0.00,0.00,0.00,0.00,0.00,Matches,,,0,0,,0.00,0.00,,,,,,,,,,,,,,,,,,,Challenger Pro League,2024-2025
d61bb6e7,Kenan Haroun,Kenan Haroun,be BEL,MF,Jong Genk,18,2006,2,1,135,1.5,0,0,0,0,0,0,0,0,0.00,0.00,0.00,0.00,0.00,Matches,0.00,,1,0,0.0,0.00,0.67,,,,,,,,,,,,,,,,,,,Challenger Pro League,2024-2025
7973808a,Noah Hartmann,Noah Hartmann,be BEL,MF,Lierse,18,2005,1,0,3,0.0,0,0,0,0,0,0,0,0,0.00,0.00,0.00,0.00,0.00,Matches,,,0,0,,0.00,0.00,,,,,,,,,,,,,,,,,,,Challenger Pro League,2024-2025
53d88a37,Matt Healy,Matt Healy,ie IRL,MF,Francs Borains,22,2002,13,13,"1,109",12.3,0,1,1,0,0,0,6,1,0.00,0.08,0.08,0.00,0.08,Matches,0.00,0.00,11,2,18.2,0.16,0.89,,,,,,,,,,,,,,,,,,,Challenger Pro League,2024-2025
d7b39331,Tobias Hedl,Tobias Hedl,at AUT,FW,Zulte Waregem,21,2003,10,6,545,6.1,4,0,4,4,0,0,0,0,0.66,0.00,0.66,0.66,0.66,Matches,0.24,0.40,17,10,58.8,1.65,2.81,,,,,,,,,,,,,,,,,,,Challenger Pro League,2024-2025
2634a537,Gaëtan Hendrickx,Gaëtan Hendrickx,be BEL,MF,Eupen,29,1995,4,1,134,1.5,0,0,0,0,0,0,1,0,0.00,0.00,0.00,0.00,0.00,Matches,,,0,0,,0.00,0.00,,,,,,,,,,,,,,,,,,,Challenger Pro League,2024-2025
b2a71e2c,Guillaume Hubert,Guillaume Hubert,be BEL,GK,RWDM,30,1994,1,1,90,1.0,0,0,0,0,0,0,1,0,0.00,0.00,0.00,0.00,0.00,Matches,,,0,0,,0.00,0.00,0,0.0,1,1,4,4.00,0,90,1,1,0,0.0,0,50.0,3,6,1,0,Challenger Pro League,2024-2025
53454a7d,Hadji Issa Moustapha,Hadji Issa Moustapha,cm CMR,MF,Beveren,20,2003,18,2,414,4.6,1,0,1,1,0,0,3,0,0.22,0.00,0.22,0.22,0.22,Matches,0.20,0.33,5,3,60.0,0.65,1.09,,,,,,,,,,,,,,,,,,,Challenger Pro League,2024-2025
638cfe49,Joël Ito,Joël Ito,be BEL,MF,La Louvière,26,1998,25,20,"1,729",19.2,1,1,2,1,0,0,3,0,0.05,0.05,0.10,0.05,0.10,Matches,0.05,0.17,19,6,31.6,0.31,0.99,,,,,,,,,,,,,,,,,,,Challenger Pro League,2024-2025
af437a13,Mateo Itrak,Mateo Itrak,hr CRO,MF,Francs Borains,24,2000,17,14,"1,216",13.5,0,0,0,0,0,0,5,0,0.00,0.00,0.00,0.00,0.00,Matches,0.00,0.00,12,3,25.0,0.22,0.89,,,,,,,,,,,,,,,,,,,Challenger Pro League,2024-2025
f898aaa5,Nikola Ivezić,Nikola Ivezić,me MNE,GK,Lommel,21,2003,10,10,900,10.0,0,0,0,0,0,0,0,0,0.00,0.00,0.00,0.00,0.00,Matches,,,0,0,,0.00,0.00,0,0.0,10,10,24,2.40,8,900,2,2,0,0.0,0,61.4,35,57,2,0,Challenger Pro League,2024-2025
0fbb73c2,Laurent Jans,Laurent Jans,lu LUX,"DF,MF",Beveren,31,1992,28,28,"2,461",27.3,0,5,5,0,0,0,3,0,0.00,0.18,0.18,0.00,0.18,Matches,0.00,0.00,12,1,8.3,0.04,0.44,,,,,,,,,,,,,,,,,,,Challenger Pro League,2024-2025
f6b9c5ab,Toon Janssen,Toon Janssen,be BEL,MF,Lokeren-Temse,28,1996,25,23,"2,053",22.8,2,0,2,2,0,0,5,0,0.09,0.00,0.09,0.09,0.09,Matches,0.08,0.29,24,7,29.2,0.31,1.05,,,,,,,,,,,,,,,,,,,Challenger Pro League,2024-2025
63396eff,Christophe Janssens,Christophe Janssens,be BEL,DF,Francs Borains,26,1998,13,11,918,10.2,0,1,1,0,0,0,6,0,0.00,0.10,0.10,0.00,0.10,Matches,0.00,0.00,5,1,20.0,0.10,0.49,,,,,,,,,,,,,,,,,,,Challenger Pro League,2024-2025
0b32cce5,Abdoul Kader Yaméogo,Abdoul Kader Yaméogo,ci CIV,DF,Club NXT,19,2004,6,5,388,4.3,0,0,0,0,0,0,2,0,0.00,0.00,0.00,0.00,0.00,Matches,0.00,,1,0,0.0,0.00,0.23,,,,,,,,,,,,,,,,,,,Challenger Pro League,2024-2025
d587d9db,Joël Kana,Joël Kana,be BEL,DF,RSCA Futures,17,2006,3,0,33,0.4,0,0,0,0,0,0,1,0,0.00,0.00,0.00,0.00,0.00,Matches,,,0,0,,0.00,0.00,,,,,,,,,,,,,,,,,,,Challenger Pro League,2024-2025
adfdc73c,Marco Kana,Marco Kana,be BEL,MF,RSCA Futures,21,2002,11,8,675,7.5,0,0,0,0,0,0,1,0,0.00,0.00,0.00,0.00,0.00,Matches,0.00,,1,0,0.0,0.00,0.13,,,,,,,,,,,,,,,,,,,Challenger Pro League,2024-2025
bad33ce3,Ibrahim Kanaté,Ibrahim Kanaté,ml MLI,"MF,FW",RSCA Futures,17,2006,6,6,466,5.2,1,0,1,1,0,0,0,0,0.19,0.00,0.19,0.19,0.19,Matches,0.07,0.33,15,3,20.0,0.58,2.90,,,,,,,,,,,,,,,,,,,Challenger Pro League,2024-2025
51afbba4,Dermane Karim,Dermane Karim,tg TOG,MF,Lommel,20,2003,14,14,"1,260",14.0,0,3,3,0,0,0,3,0,0.00,0.21,0.21,0.00,0.21,Matches,0.00,0.00,13,3,23.1,0.21,0.93,,,,,,,,,,,,,,,,,,,Challenger Pro League,2024-2025
047759a0,Ibrahima Kebe,Ibrahima Kebe,ml MLI,"MF,FW",Lommel,23,2000,22,11,"1,108",12.3,1,1,2,1,0,0,4,0,0.08,0.08,0.16,0.08,0.16,Matches,0.07,0.25,15,4,26.7,0.32,1.22,,,,,,,,,,,,,,,,,,,Challenger Pro League,2024-2025
1a2098a4,Amadou Keita,Amadou Keita,gn GUI,MF,Eupen,22,2001,25,21,"1,764",19.6,0,1,1,0,0,0,8,1,0.00,0.05,0.05,0.00,0.05,Matches,0.00,0.00,5,3,60.0,0.15,0.26,,,,,,,,,,,,,,,,,,,Challenger Pro League,2024-2025
cad67465,Raoul Kenne,Raoul Kenne,cm CMR,DF,Patro Eisden,30,1994,1,0,4,0.0,0,0,0,0,0,0,0,0,0.00,0.00,0.00,0.00,0.00,Matches,,,0,0,,0.00,0.00,,,,,,,,,,,,,,,,,,,Challenger Pro League,2024-2025
17fd7a8c,Scott Kennedy,Scott Kennedy,ca CAN,"DF,MF",Eupen,27,1997,19,19,"1,585",17.6,1,0,1,1,0,0,4,0,0.06,0.00,0.06,0.06,0.06,Matches,0.07,0.50,14,2,14.3,0.11,0.79,,,,,,,,,,,,,,,,,,,Challenger Pro League,2024-2025
3533a1ed,Liam Kerrigan,Liam Kerrigan,ie IRL,"FW,MF",Beveren,24,2000,24,12,"1,100",12.2,1,1,2,1,0,0,1,0,0.08,0.08,0.16,0.08,0.16,Matches,0.08,0.20,12,5,41.7,0.41,0.98,,,,,,,,,,,,,,,,,,,Challenger Pro League,2024-2025
80c84400,Pjotr Kestens,Pjotr Kestens,be BEL,"MF,DF",RWDM,22,2001,21,6,714,7.9,3,0,3,3,0,0,2,0,0.38,0.00,0.38,0.38,0.38,Matches,0.13,0.25,24,12,50.0,1.51,3.03,,,,,,,,,,,,,,,,,,,Challenger Pro League,2024-2025
a51c1670,Ahmed Khatir,Ahmed Khatir,ma MAR,DF,Beveren,19,2005,10,7,607,6.7,1,0,1,1,0,0,2,0,0.15,0.00,0.15,0.15,0.15,Matches,0.33,1.00,3,1,33.3,0.15,0.44,,,,,,,,,,,,,,,,,,,Challenger Pro League,2024-2025
46f9dac7,Vicky Kiankaulua,Vicky Kiankaulua,fr FRA,"MF,FW",Patro Eisden,22,2001,24,16,"1,356",15.1,3,0,3,3,0,0,3,0,0.20,0.00,0.20,0.20,0.20,Matches,0.11,0.25,27,12,44.4,0.80,1.79,,,,,,,,,,,,,,,,,,,Challenger Pro League,2024-2025
0b3a5f59,Maksim Kirejeŭ,Maksim Kirejeŭ,by BLR,"FW,MF",Lierse,20,2004,16,15,"1,249",13.9,3,4,7,3,0,0,5,0,0.22,0.29,0.50,0.22,0.50,Matches,0.09,0.20,34,15,44.1,1.08,2.45,,,,,,,,,,,,,,,,,,,Challenger Pro League,2024-2025
e47a0d7b,Kevin Kis,Kevin Kis,be BEL,DF,Patro Eisden,33,1990,23,22,"1,983",22.0,3,4,7,0,3,4,8,0,0.14,0.18,0.32,0.00,0.18,Matches,0.00,0.00,17,6,35.3,0.27,0.77,,,,,,,,,,,,,,,,,,,Challenger Pro League,2024-2025
e588b4f8,Daan Klomp,Daan Klomp,nl NED,DF,La Louvière,25,1998,2,0,18,0.2,0,0,0,0,0,0,0,0,0.00,0.00,0.00,0.00,0.00,Matches,,,0,0,,0.00,0.00,,,,,,,,,,,,,,,,,,,Challenger Pro League,2024-2025
2230f979,Josué Kongolo,Josué Kongolo,be BEL,"DF,MF",Jong Genk,18,2006,9,8,757,8.4,0,0,0,0,0,0,5,1,0.00,0.00,0.00,0.00,0.00,Matches,,,0,0,,0.00,0.00,,,,,,,,,,,,,,,,,,,Challenger Pro League,2024-2025
8844ab27,Ché Krabbendam,Ché Krabbendam,nl NED,MF,Lierse,24,1999,4,2,174,1.9,1,0,1,1,0,0,0,0,0.52,0.00,0.52,0.52,0.52,Matches,1.00,1.00,1,1,100.0,0.52,0.52,,,,,,,,,,,,,,,,,,,Challenger Pro League,2024-2025
50ac120d,Jan Král,Jan Král,cz CZE,DF,Eupen,25,1999,1,0,3,0.0,0,0,0,0,0,0,1,0,0.00,0.00,0.00,0.00,0.00,Matches,,,0,0,,0.00,0.00,,,,,,,,,,,,,,,,,,,Challenger Pro League,2024-2025
aa96518c,Achraf Laâziri,Achraf Laâziri,ma MAR,"DF,MF",RWDM,20,2003,26,25,"2,218",24.6,1,5,6,1,0,0,4,0,0.04,0.20,0.24,0.04,0.24,Matches,0.03,0.06,37,16,43.2,0.65,1.50,,,,,,,,,,,,,,,,,,,Challenger Pro League,2024-2025
9e75ffcf,Andres Labie,Andres Labie,be BEL,DF,Zulte Waregem,20,2004,3,2,185,2.1,0,0,0,0,0,0,0,0,0.00,0.00,0.00,0.00,0.00,Matches,,,0,0,,0.00,0.00,,,,,,,,,,,,,,,,,,,Challenger Pro League,2024-2025
2214d70a,Brent Laes,Brent Laes,be BEL,"MF,DF",Lierse,24,2000,9,7,686,7.6,1,0,1,1,0,0,3,0,0.13,0.00,0.13,0.13,0.13,Matches,0.14,0.50,7,2,28.6,0.26,0.92,,,,,,,,,,,,,,,,,,,Challenger Pro League,2024-2025
c8546c72,Sami Lahssaini,Sami Lahssaini,be BEL,MF,La Louvière,25,1998,19,13,"1,192",13.2,0,1,1,0,0,0,4,0,0.00,0.08,0.08,0.00,0.08,Matches,0.00,0.00,2,1,50.0,0.08,0.15,,,,,,,,,,,,,,,,,,,Challenger Pro League,2024-2025
5693fa4b,Leon Lalić,Leon Lalić,hr CRO,"MF,FW",Lommel,18,2006,10,7,542,6.0,0,0,0,0,0,0,6,0,0.00,0.00,0.00,0.00,0.00,Matches,0.00,0.00,3,2,66.7,0.33,0.50,,,,,,,,,,,,,,,,,,,Challenger Pro League,2024-2025
b370ab5f,Josias Lama,Josias Lama,,DF,Lommel,19,2005,2,0,39,0.4,0,0,0,0,0,0,0,0,0.00,0.00,0.00,0.00,0.00,Matches,,,0,0,,0.00,0.00,,,,,,,,,,,,,,,,,,,Challenger Pro League,2024-2025
d81c072d,Boris lambert,Boris lambert,be BEL,DF,Eupen,24,2000,1,1,90,1.0,0,0,0,0,0,0,0,0,0.00,0.00,0.00,0.00,0.00,Matches,0.00,,1,0,0.0,0.00,1.00,,,,,,,,,,,,,,,,,,,Challenger Pro League,2024-2025
13de4bec,Junior Lambo,Junior Lambo,ne NIG,FW,Lokeren-Temse,25,1999,2,1,57,0.6,0,0,0,0,0,0,0,0,0.00,0.00,0.00,0.00,0.00,Matches,0.00,,1,0,0.0,0.00,1.58,,,,,,,,,,,,,,,,,,,Challenger Pro League,2024-2025
09ffccc8,Benjamin Lambot,Benjamin Lambot,be BEL,DF,RFC Liège,37,1987,25,23,"1,963",21.8,0,4,4,0,0,0,3,0,0.00,0.18,0.18,0.00,0.18,Matches,0.00,0.00,22,8,36.4,0.37,1.01,,,,,,,,,,,,,,,,,,,Challenger Pro League,2024-2025
63ce2500,Djibril Lamego,Djibril Lamego,fr FRA,DF,La Louvière,21,2003,28,25,"2,338",26.0,0,0,0,0,0,0,3,0,0.00,0.00,0.00,0.00,0.00,Matches,0.00,0.00,6,1,16.7,0.04,0.23,,,,,,,,,,,,,,,,,,,Challenger Pro League,2024-2025
431274e6,Amando Lapage,Amando Lapage,be BEL,DF,RSCA Futures,19,2004,14,14,"1,251",13.9,0,2,2,0,0,0,5,0,0.00,0.14,0.14,0.00,0.14,Matches,0.00,0.00,13,5,38.5,0.36,0.94,,,,,,,,,,,,,,,,,,,Challenger Pro League,2024-2025
d8cb3228,Bill Lathouwers,Bill Lathouwers,be BEL,GK,RWDM,24,1999,27,27,"2,430",27.0,0,0,0,0,0,0,1,0,0.00,0.00,0.00,0.00,0.00,Matches,,,0,0,,0.00,0.00,14,51.9,27,27,17,0.63,5,"2,430",1,2,0,50.0,1,77.8,57,72,5,17,Challenger Pro League,2024-2025
9c0a65df,Corenthyn Lavie,Corenthyn Lavie,fr FRA,"MF,FW",Francs Borains,29,1995,28,22,"1,755",19.5,3,3,6,2,1,2,1,0,0.15,0.15,0.31,0.10,0.26,Matches,0.05,0.22,38,9,23.7,0.46,1.95,,,,,,,,,,,,,,,,,,,Challenger Pro League,2024-2025
992bc13a,Yannis Lawson,Yannis Lawson,tg TOG,"MF,FW",Seraing,19,2004,27,23,"1,924",21.4,1,1,2,1,0,0,0,0,0.05,0.05,0.09,0.05,0.09,Matches,0.05,0.14,19,7,36.8,0.33,0.89,,,,,,,,,,,,,,,,,,,Challenger Pro League,2024-2025
4234ab1f,Alexis Lefebvre,Alexis Lefebvre,fr FRA,"FW,MF",RFC Liège,21,2003,21,10,833,9.3,2,1,3,2,0,0,3,0,0.22,0.11,0.32,0.22,0.32,Matches,0.11,0.25,18,8,44.4,0.86,1.94,,,,,,,,,,,,,,,,,,,Challenger Pro League,2024-2025
f98bd632,Antoine Lejoly,Antoine Lejoly,be BEL,GK,RFC Liège,26,1998,21,21,"1,886",21.0,0,0,0,0,0,0,1,0,0.00,0.00,0.00,0.00,0.00,Matches,,,0,0,,0.00,0.00,2,9.5,21,21,30,1.43,9,"1,886",0,1,0,100.0,1,74.4,88,117,4,8,Challenger Pro League,2024-2025
68b2281a,Mats Lemmens,Mats Lemmens,be BEL,DF,Lokeren-Temse,22,2002,15,14,"1,248",13.9,0,0,0,0,0,0,5,1,0.00,0.00,0.00,0.00,0.00,Matches,0.00,0.00,6,2,33.3,0.14,0.43,,,,,,,,,,,,,,,,,,,Challenger Pro League,2024-2025
68b2281a,Mats Lemmens,Mats Lemmens,be BEL,DF,Lokeren-Temse,22,2002,15,14,"1,248",13.9,0,0,0,0,0,0,5,1,0.00,0.00,0.00,0.00,0.00,Matches,,,0,0,,0.00,0.00,,,,,,,,,,,,,,,,,,,Challenger Pro League,2024-2025
68b2281a,Mats Lemmens,Mats Lemmens,be BEL,DF,RWDM,22,2002,7,4,418,4.6,0,0,0,0,0,0,2,0,0.00,0.00,0.00,0.00,0.00,Matches,0.00,0.00,6,2,33.3,0.14,0.43,,,,,,,,,,,,,,,,,,,Challenger Pro League,2024-2025
68b2281a,Mats Lemmens,Mats Lemmens,be BEL,DF,RWDM,22,2002,7,4,418,4.6,0,0,0,0,0,0,2,0,0.00,0.00,0.00,0.00,0.00,Matches,,,0,0,,0.00,0.00,,,,,,,,,,,,,,,,,,,Challenger Pro League,2024-2025
70f1801b,Laurent Lemoine,Laurent Lemoine,be BEL,DF,Zulte Waregem,26,1998,17,12,"1,082",12.0,0,0,0,0,0,0,3,1,0.00,0.00,0.00,0.00,0.00,Matches,0.00,,1,0,0.0,0.00,0.08,,,,,,,,,,,,,,,,,,,Challenger Pro League,2024-2025
52241812,Mauro Lenaerts,Mauro Lenaerts,be BEL,MF,Lierse,16,2007,1,0,11,0.1,0,0,0,0,0,0,0,0,0.00,0.00,0.00,0.00,0.00,Matches,,,0,0,,0.00,0.00,,,,,,,,,,,,,,,,,,,Challenger Pro League,2024-2025
e859dfb8,Tṧoanelo Letṧosa,Tṧoanelo Letṧosa,sct SCO,MF,Lommel,20,2004,6,0,52,0.6,0,0,0,0,0,0,0,0,0.00,0.00,0.00,0.00,0.00,Matches,0.00,0.00,2,1,50.0,1.73,3.46,,,,,,,,,,,,,,,,,,,Challenger Pro League,2024-2025
5ab97af7,Tidiane Leye,Tidiane Leye,fr FRA,FW,Seraing,16,2008,1,0,12,0.1,0,0,0,0,0,0,0,0,0.00,0.00,0.00,0.00,0.00,Matches,,,0,0,,0.00,0.00,,,,,,,,,,,,,,,,,,,Challenger Pro League,2024-2025
4a6ca220,Clément Libertiaux,Clément Libertiaux,be BEL,GK,Francs Borains,26,1998,3,3,270,3.0,0,0,0,0,0,0,1,0,0.00,0.00,0.00,0.00,0.00,Matches,,,0,0,,0.00,0.00,0,0.0,3,3,8,2.67,3,270,2,2,0,0.0,0,45.5,5,11,0,0,Challenger Pro League,2024-2025
e6d8cd15,Lucas Lima,Lucas Lima,se SWE,FW,Francs Borains,22,2002,10,1,222,2.5,0,0,0,0,0,0,1,0,0.00,0.00,0.00,0.00,0.00,Matches,0.00,0.00,5,1,20.0,0.41,2.03,,,,,,,,,,,,,,,,,,,Challenger Pro League,2024-2025
ccee698e,Anthony Limbombe,Anthony Limbombe,be BEL,MF,Beveren,30,1994,21,16,"1,387",15.4,4,5,9,4,0,0,1,0,0.26,0.32,0.58,0.26,0.58,Matches,0.09,0.20,43,20,46.5,1.30,2.79,,,,,,,,,,,,,,,,,,,Challenger Pro League,2024-2025
aad91b56,Jérémie Lioka Lima,Jérémie Lioka Lima,fr FRA,MF,RFC Liège,25,1998,20,19,"1,637",18.2,1,0,1,1,0,0,4,0,0.05,0.00,0.05,0.05,0.05,Matches,0.14,0.25,7,4,57.1,0.22,0.38,,,,,,,,,,,,,,,,,,,Challenger Pro League,2024-2025
906612fb,Jordi Liongola,Jordi Liongola,bi BDI,"DF,MF",La Louvière,24,2000,27,24,"2,218",24.6,5,1,6,3,2,2,8,0,0.20,0.04,0.24,0.12,0.16,Matches,0.11,0.25,27,12,44.4,0.49,1.10,,,,,,,,,,,,,,,,,,,Challenger Pro League,2024-2025
8dcf259b,Tarek Loutfi,Tarek Loutfi,be BEL,"MF,FW",Patro Eisden,16,2008,4,2,130,1.4,1,0,1,1,0,0,0,0,0.69,0.00,0.69,0.69,0.69,Matches,1.00,1.00,1,1,100.0,0.69,0.69,,,,,,,,,,,,,,,,,,,Challenger Pro League,2024-2025
17ecae8f,Lucca Lucker,Lucca Lucker,be BEL,DF,RFC Liège,23,2001,26,18,"1,763",19.6,0,0,0,0,0,0,5,0,0.00,0.00,0.00,0.00,0.00,Matches,0.00,0.00,5,1,20.0,0.05,0.26,,,,,,,,,,,,,,,,,,,Challenger Pro League,2024-2025
3799e138,Everton Luiz,Everton Luiz,br BRA,MF,Beveren,36,1988,8,2,207,2.3,0,0,0,0,0,0,1,1,0.00,0.00,0.00,0.00,0.00,Matches,0.00,,2,0,0.0,0.00,0.87,,,,,,,,,,,,,,,,,,,Challenger Pro League,2024-2025
0b3f71ee,Luka Lukanić,Luka Lukanić,hr CRO,MF,Jong Genk,20,2004,10,4,394,4.4,1,0,1,1,0,0,0,0,0.23,0.00,0.23,0.23,0.23,Matches,0.25,0.50,4,2,50.0,0.46,0.91,,,,,,,,,,,,,,,,,,,Challenger Pro League,2024-2025
72850cca,Noa Lukebadio,Noa Lukebadio,be BEL,MF,Seraing,21,2002,5,1,105,1.2,0,0,0,0,0,0,1,0,0.00,0.00,0.00,0.00,0.00,Matches,,,0,0,,0.00,0.00,,,,,,,,,,,,,,,,,,,Challenger Pro League,2024-2025
d00274fc,Tobias Lund Jensen,Tobias Lund Jensen,dk DEN,MF,Club NXT,18,2006,25,20,"1,647",18.3,1,4,5,1,0,0,3,0,0.05,0.22,0.27,0.05,0.27,Matches,0.03,0.10,31,10,32.3,0.55,1.69,,,,,,,,,,,,,,,,,,,Challenger Pro League,2024-2025
a5f5698d,Ali Maamar,Ali Maamar,ma MAR,"DF,MF",RSCA Futures,19,2005,11,9,832,9.2,0,2,2,0,0,0,1,0,0.00,0.22,0.22,0.00,0.22,Matches,0.00,0.00,6,1,16.7,0.11,0.65,,,,,,,,,,,,,,,,,,,Challenger Pro League,2024-2025
86e2ae6a,Fostave Mabani,Fostave Mabani,be BEL,"DF,MF",Francs Borains,22,2002,22,9,851,9.5,0,0,0,0,0,0,4,0,0.00,0.00,0.00,0.00,0.00,Matches,0.00,,5,0,0.0,0.00,0.53,,,,,,,,,,,,,,,,,,,Challenger Pro League,2024-2025
b36abf87,Roméo Mabanza,Roméo Mabanza,bi BDI,FW,Patro Eisden,23,2000,8,8,602,6.7,2,0,2,2,0,0,0,0,0.30,0.00,0.30,0.30,0.30,Matches,0.08,0.20,25,10,40.0,1.50,3.74,,,,,,,,,,,,,,,,,,,Challenger Pro League,2024-2025
ed87e72d,Matheus Machado,Matheus Machado,br BRA,FW,Zulte Waregem,21,2003,6,0,91,1.0,4,0,4,4,0,0,0,0,3.96,0.00,3.96,3.96,3.96,Matches,0.50,0.57,8,7,87.5,6.92,7.91,,,,,,,,,,,,,,,,,,,Challenger Pro League,2024-2025
69addceb,Owen Maes,Owen Maes,fr FRA,"MF,DF",La Louvière,25,1998,22,15,"1,547",17.2,1,1,2,1,0,0,7,0,0.06,0.06,0.12,0.06,0.12,Matches,0.05,0.17,19,6,31.6,0.35,1.11,,,,,,,,,,,,,,,,,,,Challenger Pro League,2024-2025
e7a4379a,Amine Mahroug,Amine Mahroug,be BEL,DF,RSCA Futures,16,2008,3,0,40,0.4,0,0,0,0,0,0,0,0,0.00,0.00,0.00,0.00,0.00,Matches,,,0,0,,0.00,0.00,,,,,,,,,,,,,,,,,,,Challenger Pro League,2024-2025
d279b0c9,Maxence Maisonneuve,Maxence Maisonneuve,fr FRA,DF,La Louvière,25,1999,27,27,"2,312",25.7,1,2,3,1,0,0,5,0,0.04,0.08,0.12,0.04,0.12,Matches,0.04,0.17,23,6,26.1,0.23,0.90,,,,,,,,,,,,,,,,,,,Challenger Pro League,2024-2025
70481099,Christ Makosso,Christ Makosso,cg CGO,DF,RWDM,20,2004,12,11,"1,035",11.5,0,0,0,0,0,0,5,0,0.00,0.00,0.00,0.00,0.00,Matches,0.00,,6,0,0.0,0.00,0.52,,,,,,,,,,,,,,,,,,,Challenger Pro League,2024-2025
13a092c2,Jaden Malhage,Jaden Malhage,be BEL,FW,Eupen,19,2005,3,0,28,0.3,0,0,0,0,0,0,0,0,0.00,0.00,0.00,0.00,0.00,Matches,0.00,,2,0,0.0,0.00,6.43,,,,,,,,,,,,,,,,,,,Challenger Pro League,2024-2025
05944686,Levi Malungu,Levi Malungu,be BEL,DF,Francs Borains,22,2002,21,16,"1,528",17.0,0,0,0,0,0,0,4,0,0.00,0.00,0.00,0.00,0.00,Matches,0.00,0.00,12,4,33.3,0.24,0.71,,,,,,,,,,,,,,,,,,,Challenger Pro League,2024-2025
c0573fba,Brad Manguelle,Brad Manguelle,be BEL,DF,Jong Genk,16,2007,17,16,"1,264",14.0,1,0,1,1,0,0,6,1,0.07,0.00,0.07,0.07,0.07,Matches,0.20,1.00,5,1,20.0,0.07,0.36,,,,,,,,,,,,,,,,,,,Challenger Pro League,2024-2025
af66b89c,Lucas Margueron,Lucas Margueron,fr FRA,GK,Seraing,23,2001,23,23,"2,055",22.8,0,0,0,0,0,0,5,1,0.00,0.00,0.00,0.00,0.00,Matches,,,0,0,,0.00,0.00,5,21.7,23,23,46,2.01,12,"2,055",5,7,2,0.0,0,72.1,106,147,8,3,Challenger Pro League,2024-2025
f1a2ebc1,Luc Marijnissen,Luc Marijnissen,nl NED,DF,Lierse,21,2003,28,28,"2,520",28.0,2,1,3,2,0,0,4,0,0.07,0.04,0.11,0.07,0.11,Matches,0.10,0.33,21,6,28.6,0.21,0.75,,,,,,,,,,,,,,,,,,,Challenger Pro League,2024-2025
18b9431d,Thomas Marijnissen,Thomas Marijnissen,nl NED,"MF,FW",Lokeren-Temse,25,1998,16,6,664,7.4,0,0,0,0,0,0,4,0,0.00,0.00,0.00,0.00,0.00,Matches,0.00,0.00,18,9,50.0,1.22,2.44,,,,,,,,,,,,,,,,,,,Challenger Pro League,2024-2025
57e74df4,Sacha Marloye,Sacha Marloye,be BEL,"DF,MF",Seraing,16,2007,18,10,932,10.4,0,0,0,0,0,0,7,1,0.00,0.00,0.00,0.00,0.00,Matches,0.00,0.00,6,1,16.7,0.10,0.58,,,,,,,,,,,,,,,,,,,Challenger Pro League,2024-2025
c3bbad62,Nolan Martens,Nolan Martens,be BEL,"MF,FW",Jong Genk,20,2004,14,12,970,10.8,4,1,5,4,0,0,2,0,0.37,0.09,0.46,0.37,0.46,Matches,0.16,0.50,25,8,32.0,0.74,2.32,,,,,,,,,,,,,,,,,,,Challenger Pro League,2024-2025
827f8fb1,Stefano Marzo,Stefano Marzo,be BEL,DF,RFC Liège,33,1991,13,9,885,9.8,0,1,1,0,0,0,3,0,0.00,0.10,0.10,0.00,0.10,Matches,0.00,0.00,1,1,100.0,0.10,0.10,,,,,,,,,,,,,,,,,,,Challenger Pro League,2024-2025
b7c5ffd7,Hugo Masaki,Hugo Masaki,be BEL,"MF,FW",Lierse,20,2004,16,4,502,5.6,0,0,0,0,0,0,2,0,0.00,0.00,0.00,0.00,0.00,Matches,0.00,0.00,5,3,60.0,0.54,0.90,,,,,,,,,,,,,,,,,,,Challenger Pro League,2024-2025
6ea05ca7,Yanis Massolin,Yanis Massolin,fr FRA,"MF,FW",Francs Borains,21,2002,21,17,"1,620",18.0,2,1,3,2,0,0,6,2,0.11,0.06,0.17,0.11,0.17,Matches,0.10,0.50,20,4,20.0,0.22,1.11,,,,,,,,,,,,,,,,,,,Challenger Pro League,2024-2025
a67a4783,Emmanuel Matuta,Emmanuel Matuta,be BEL,MF,Lierse,22,2002,20,15,"1,450",16.1,0,1,1,0,0,0,3,0,0.00,0.06,0.06,0.00,0.06,Matches,0.00,0.00,7,1,14.3,0.06,0.43,,,,,,,,,,,,,,,,,,,Challenger Pro League,2024-2025
87d31635,Aïman Maurer,Aïman Maurer,ma MAR,MF,RWDM,19,2004,9,5,401,4.5,2,1,3,2,0,0,2,0,0.45,0.22,0.67,0.45,0.67,Matches,0.17,0.40,12,5,41.7,1.12,2.69,,,,,,,,,,,,,,,,,,,Challenger Pro League,2024-2025
ec92e917,Noah Mawete,Noah Mawete,be BEL,"DF,MF",Lierse,18,2005,18,13,"1,162",12.9,0,1,1,0,0,0,2,0,0.00,0.08,0.08,0.00,0.08,Matches,0.00,,2,0,0.0,0.00,0.15,,,,,,,,,,,,,,,,,,,Challenger Pro League,2024-2025
eca5d4b4,Elie Mbavu,Elie Mbavu,be BEL,DF,Jong Genk,14,2009,4,1,162,1.8,0,0,0,0,0,0,2,0,0.00,0.00,0.00,0.00,0.00,Matches,,,0,0,,0.00,0.00,,,,,,,,,,,,,,,,,,,Challenger Pro League,2024-2025
c22aa9b2,Grady McDonnell,Grady McDonnell,ie IRL,MF,Club NXT,16,2008,4,0,63,0.7,0,0,0,0,0,0,0,0,0.00,0.00,0.00,0.00,0.00,Matches,0.00,,2,0,0.0,0.00,2.86,,,,,,,,,,,,,,,,,,,Challenger Pro League,2024-2025
6a757245,Danny McGrath,Danny McGrath,ie IRL,MF,Lommel,18,2006,5,4,344,3.8,0,0,0,0,0,0,0,0,0.00,0.00,0.00,0.00,0.00,Matches,0.00,,2,0,0.0,0.00,0.52,,,,,,,,,,,,,,,,,,,Challenger Pro League,2024-2025
1fe8ecf7,Yaimar Medina,Yaimar Medina,ec ECU,DF,Jong Genk,19,2004,1,1,77,0.9,0,0,0,0,0,0,1,0,0.00,0.00,0.00,0.00,0.00,Matches,0.00,,1,0,0.0,0.00,1.17,,,,,,,,,,,,,,,,,,,Challenger Pro League,2024-2025
95f5aae8,Bjorn Meijer,Bjorn Meijer,nl NED,DF,Club NXT,21,2003,1,1,45,0.5,0,0,0,0,0,0,0,0,0.00,0.00,0.00,0.00,0.00,Matches,,,0,0,,0.00,0.00,,,,,,,,,,,,,,,,,,,Challenger Pro League,2024-2025
fff60e05,Maxime Mejjati,Maxime Mejjati,be BEL,FW,Francs Borains,19,2004,9,0,106,1.2,0,0,0,0,0,0,0,0,0.00,0.00,0.00,0.00,0.00,Matches,0.00,,1,0,0.0,0.00,0.85,,,,,,,,,,,,,,,,,,,Challenger Pro League,2024-2025
06790ba4,Jelle Merckx,Jelle Merckx,be BEL,GK,Lokeren-Temse,32,1992,1,1,90,1.0,0,0,0,0,0,0,2,0,0.00,0.00,0.00,0.00,0.00,Matches,,,0,0,,0.00,0.00,0,0.0,1,1,4,4.00,1,90,0,0,0,,0,42.9,3,7,0,0,Challenger Pro League,2024-2025
ef731212,Ryan Merlen,Ryan Merlen,fr FRA,MF,RFC Liège,22,2002,25,25,"2,082",23.1,7,3,10,6,1,2,8,0,0.30,0.13,0.43,0.26,0.39,Matches,0.14,0.27,43,22,51.2,0.95,1.86,,,,,,,,,,,,,,,,,,,Challenger Pro League,2024-2025
465d2a8e,Lennart Mertens,Lennart Mertens,be BEL,FW,Beveren,31,1992,16,16,"1,351",15.0,12,0,12,12,0,0,4,1,0.80,0.00,0.80,0.80,0.80,Matches,0.27,0.48,45,25,55.6,1.67,3.00,,,,,,,,,,,,,,,,,,,Challenger Pro League,2024-2025
5a0b05cb,Adnane Messad,Adnane Messad,be BEL,FW,RWDM,18,2005,1,0,8,0.1,0,0,0,0,0,0,0,0,0.00,0.00,0.00,0.00,0.00,Matches,,,0,0,,0.00,0.00,,,,,,,,,,,,,,,,,,,Challenger Pro League,2024-2025
7e398777,Yutaka Michiwaki,Yutaka Michiwaki,jp JPN,"FW,MF",Beveren,18,2006,19,7,711,7.9,2,0,2,2,0,0,1,0,0.25,0.00,0.25,0.25,0.25,Matches,0.14,0.29,14,7,50.0,0.89,1.77,,,,,,,,,,,,,,,,,,,Challenger Pro League,2024-2025
dee3f1e1,Robin Mirisola,Robin Mirisola,be BEL,FW,Jong Genk,17,2006,21,19,"1,759",19.5,7,3,10,7,0,0,2,0,0.36,0.15,0.51,0.36,0.51,Matches,0.13,0.35,52,20,38.5,1.02,2.66,,,,,,,,,,,,,,,,,,,Challenger Pro League,2024-2025
a5ce09f2,Kevin Möhwald,Kevin Möhwald,de GER,MF,Eupen,31,1993,4,0,31,0.3,0,0,0,0,0,0,0,1,0.00,0.00,0.00,0.00,0.00,Matches,,,0,0,,0.00,0.00,,,,,,,,,,,,,,,,,,,Challenger Pro League,2024-2025
dbe3e0d2,Youssef Mokhtari,Youssef Mokhtari,be BEL,FW,Seraing,20,2004,1,1,59,0.7,0,0,0,0,0,0,0,0,0.00,0.00,0.00,0.00,0.00,Matches,0.00,,2,0,0.0,0.00,3.05,,,,,,,,,,,,,,,,,,,Challenger Pro League,2024-2025
69678c84,Jacob Montes,Jacob Montes,ni NCA,MF,RWDM,25,1998,8,1,204,2.3,0,0,0,0,0,0,2,0,0.00,0.00,0.00,0.00,0.00,Matches,0.00,0.00,2,1,50.0,0.44,0.88,,,,,,,,,,,,,,,,,,,Challenger Pro League,2024-2025
80cb43cc,Liam Moreau,Liam Moreau,be BEL,DF,RFC Liège,16,2007,1,0,1,0.0,0,0,0,0,0,0,1,0,0.00,0.00,0.00,0.00,0.00,Matches,,,0,0,,0.00,0.00,,,,,,,,,,,,,,,,,,,Challenger Pro League,2024-2025
97a73c5f,Damien Mouchamps,Damien Mouchamps,be BEL,"DF,MF",RFC Liège,28,1996,18,11,959,10.7,0,1,1,0,0,0,0,0,0.00,0.09,0.09,0.00,0.09,Matches,0.00,0.00,8,1,12.5,0.09,0.75,,,,,,,,,,,,,,,,,,,Challenger Pro League,2024-2025
468a8e22,Midou Mouhli,Midou Mouhli,be BEL,MF,RFC Liège,25,1998,15,10,856,9.5,3,0,3,2,1,1,2,0,0.32,0.00,0.32,0.21,0.21,Matches,0.06,0.15,31,13,41.9,1.37,3.26,,,,,,,,,,,,,,,,,,,Challenger Pro League,2024-2025
0911eb33,Pape Moussa Fall,Pape Moussa Fall,sn SEN,FW,Seraing,20,2004,13,13,"1,153",12.8,6,0,6,4,2,3,1,0,0.47,0.00,0.47,0.31,0.31,Matches,0.09,0.22,44,18,40.9,1.41,3.43,,,,,,,,,,,,,,,,,,,Challenger Pro League,2024-2025
7f9a4855,Naïl Moutha-Sebtaoui,Naïl Moutha-Sebtaoui,be BEL,"MF,DF",RSCA Futures,18,2005,13,10,852,9.5,0,0,0,0,0,0,0,0,0.00,0.00,0.00,0.00,0.00,Matches,0.00,0.00,4,1,25.0,0.11,0.42,,,,,,,,,,,,,,,,,,,Challenger Pro League,2024-2025
21e4bfb5,Béni Mpanzu,Béni Mpanzu,be BEL,"DF,MF",Lierse,20,2004,9,8,619,6.9,2,2,4,2,0,0,0,0,0.29,0.29,0.58,0.29,0.58,Matches,0.13,0.40,16,5,31.3,0.73,2.33,,,,,,,,,,,,,,,,,,,Challenger Pro League,2024-2025
3f841645,Matthieu Muland,Matthieu Muland,be BEL,"DF,MF",Seraing,20,2003,24,12,"1,230",13.7,1,0,1,1,0,0,4,1,0.07,0.00,0.07,0.07,0.07,Matches,0.07,0.20,15,5,33.3,0.37,1.10,,,,,,,,,,,,,,,,,,,Challenger Pro League,2024-2025
e003867e,Magnus Munck,Magnus Munck,dk DEN,MF,RSCA Futures,19,2005,4,0,86,1.0,0,0,0,0,0,0,2,0,0.00,0.00,0.00,0.00,0.00,Matches,0.00,,1,0,0.0,0.00,1.05,,,,,,,,,,,,,,,,,,,Challenger Pro League,2024-2025
0d5f70d9,Théo Mununga,Théo Mununga,be BEL,MF,Lommel,17,2007,1,0,12,0.1,0,0,0,0,0,0,0,0,0.00,0.00,0.00,0.00,0.00,Matches,,,0,0,,0.00,0.00,,,,,,,,,,,,,,,,,,,Challenger Pro League,2024-2025
83585a34,Yanis Musuayi,Yanis Musuayi,be BEL,FW,Club NXT,17,2007,11,3,384,4.3,0,1,1,0,0,1,2,0,0.00,0.23,0.23,0.00,0.23,Matches,0.00,0.00,10,5,50.0,1.17,2.34,,,,,,,,,,,,,,,,,,,Challenger Pro League,2024-2025
280b444f,Kim Myeongjun,Kim Myeongjun,kr KOR,FW,Jong Genk,18,2006,4,1,97,1.1,0,0,0,0,0,0,0,0,0.00,0.00,0.00,0.00,0.00,Matches,0.00,,1,0,0.0,0.00,0.93,,,,,,,,,,,,,,,,,,,Challenger Pro League,2024-2025
f4d50d1e,Olivier Myny,Olivier Myny,be BEL,MF,Lokeren-Temse,29,1994,8,1,126,1.4,0,1,1,0,0,0,1,0,0.00,0.71,0.71,0.00,0.71,Matches,0.00,0.00,5,1,20.0,0.71,3.57,,,,,,,,,,,,,,,,,,,Challenger Pro League,2024-2025
833ce5f0,Kenny Nagera,Kenny Nagera,fr FRA,"FW,MF",La Louvière,22,2002,20,8,733,8.1,3,0,3,3,0,0,2,0,0.37,0.00,0.37,0.37,0.37,Matches,0.19,0.43,16,7,43.8,0.86,1.96,,,,,,,,,,,,,,,,,,,Challenger Pro League,2024-2025
1f9328da,Radja Nainggolan,Radja Nainggolan,be BEL,MF,Lokeren-Temse,36,1988,11,10,905,10.1,3,2,5,2,1,1,2,0,0.30,0.20,0.50,0.20,0.40,Matches,0.09,0.25,23,8,34.8,0.80,2.29,,,,,,,,,,,,,,,,,,,Challenger Pro League,2024-2025
6e3c43c9,Alioune Ndour,Alioune Ndour,sn SEN,"FW,MF",Zulte Waregem,26,1997,2,0,36,0.4,0,0,0,0,0,0,0,0,0.00,0.00,0.00,0.00,0.00,Matches,0.00,,3,0,0.0,0.00,7.50,,,,,,,,,,,,,,,,,,,Challenger Pro League,2024-2025
25c669a8,Pierre-Yves Ngawa,Pierre-Yves Ngawa,be BEL,"DF,MF",RFC Liège,32,1992,28,26,"2,294",25.5,1,1,2,1,0,0,3,0,0.04,0.04,0.08,0.04,0.08,Matches,0.10,0.20,10,5,50.0,0.20,0.39,,,,,,,,,,,,,,,,,,,Challenger Pro League,2024-2025
23c7594c,Tochukwu Nnadi,Tochukwu Nnadi,ng NGA,MF,Zulte Waregem,21,2003,23,6,773,8.6,0,0,0,0,0,0,4,0,0.00,0.00,0.00,0.00,0.00,Matches,0.00,0.00,3,1,33.3,0.12,0.35,,,,,,,,,,,,,,,,,,,Challenger Pro League,2024-2025
1504e009,Samuel Ntamack,Samuel Ntamack,fr FRA,FW,Lokeren-Temse,23,2001,23,19,"1,605",17.8,8,1,9,8,0,1,2,0,0.45,0.06,0.50,0.45,0.50,Matches,0.13,0.35,63,23,36.5,1.29,3.53,,,,,,,,,,,,,,,,,,,Challenger Pro League,2024-2025
617deb10,Isaac Nuhu,Isaac Nuhu,gh GHA,MF,Eupen,22,2002,3,3,256,2.8,1,0,1,1,0,0,0,0,0.35,0.00,0.35,0.35,0.35,Matches,0.09,0.33,11,3,27.3,1.05,3.87,,,,,,,,,,,,,,,,,,,Challenger Pro League,2024-2025
9b079ea8,Cedric Nuozzi,Cedric Nuozzi,be BEL,"MF,FW",Jong Genk,18,2006,17,7,762,8.5,4,2,6,4,0,0,1,0,0.47,0.24,0.71,0.47,0.71,Matches,0.14,0.36,29,11,37.9,1.30,3.43,,,,,,,,,,,,,,,,,,,Challenger Pro League,2024-2025
4152a80c,Manaf Nurudeen,Manaf Nurudeen,gh GHA,GK,Eupen,25,1999,8,8,720,8.0,0,0,0,0,0,0,1,0,0.00,0.00,0.00,0.00,0.00,Matches,,,0,0,,0.00,0.00,1,12.5,8,8,14,1.75,3,720,1,1,0,0.0,0,69.8,30,43,2,3,Challenger Pro League,2024-2025
67e36022,Benoit Nyssen,Benoit Nyssen,be BEL,"DF,MF",Zulte Waregem,26,1997,25,24,"2,116",23.5,2,8,10,2,0,0,3,0,0.09,0.34,0.43,0.09,0.43,Matches,0.08,0.29,25,7,28.0,0.30,1.06,,,,,,,,,,,,,,,,,,,Challenger Pro League,2024-2025
1b23d191,Djoully Nzoko,Djoully Nzoko,fi FIN,MF,Jong Genk,16,2007,9,4,290,3.2,0,1,1,0,0,0,0,0,0.00,0.31,0.31,0.00,0.31,Matches,0.00,,2,0,0.0,0.00,0.62,,,,,,,,,,,,,,,,,,,Challenger Pro League,2024-2025
e43f7565,Wilkims Ochieng',Wilkims Ochieng',ke KEN,MF,Francs Borains,21,2003,8,0,122,1.4,0,0,0,0,0,0,2,0,0.00,0.00,0.00,0.00,0.00,Matches,,,0,0,,0.00,0.00,,,,,,,,,,,,,,,,,,,Challenger Pro League,2024-2025
18066990,Ade Oguns,Ade Oguns,ng NGA,"MF,FW",Eupen,23,2001,10,5,549,6.1,2,0,2,2,0,0,2,0,0.33,0.00,0.33,0.33,0.33,Matches,0.13,0.25,16,8,50.0,1.31,2.62,,,,,,,,,,,,,,,,,,,Challenger Pro League,2024-2025
efacf4fd,Ademola Ola-Adebomi,Ademola Ola-Adebomi,eng ENG,FW,Beveren,20,2004,8,5,451,5.0,0,0,0,0,0,0,4,0,0.00,0.00,0.00,0.00,0.00,Matches,0.00,0.00,11,5,45.5,1.00,2.20,,,,,,,,,,,,,,,,,,,Challenger Pro League,2024-2025
059f133e,Benoit Olivier,Benoit Olivier,be BEL,DF,Patro Eisden,20,2003,1,1,72,0.8,0,0,0,0,0,0,1,0,0.00,0.00,0.00,0.00,0.00,Matches,,,0,0,,0.00,0.00,,,,,,,,,,,,,,,,,,,Challenger Pro League,2024-2025
e7d4a0b7,Cheikhou Omar Ndiaye,Cheikhou Omar Ndiaye,sn SEN,"MF,DF",Seraing,22,2002,10,7,582,6.5,0,0,0,0,0,0,4,0,0.00,0.00,0.00,0.00,0.00,Matches,0.00,,2,0,0.0,0.00,0.31,,,,,,,,,,,,,,,,,,,Challenger Pro League,2024-2025
93c5a3b9,Jayden Onia Seke,Jayden Onia Seke,be BEL,"MF,FW",RSCA Futures,15,2009,11,1,293,3.3,0,1,1,0,0,0,1,0,0.00,0.31,0.31,0.00,0.31,Matches,0.00,0.00,4,2,50.0,0.61,1.23,,,,,,,,,,,,,,,,,,,Challenger Pro League,2024-2025
86edf9d3,Juwensley Onstein,Juwensley Onstein,nl NED,DF,Jong Genk,16,2007,15,14,"1,178",13.1,0,0,0,0,0,0,1,0,0.00,0.00,0.00,0.00,0.00,Matches,0.00,,3,0,0.0,0.00,0.23,,,,,,,,,,,,,,,,,,,Challenger Pro League,2024-2025
a3f7ab14,Joseph Opoku,Joseph Opoku,gh GHA,MF,Zulte Waregem,18,2005,26,24,"2,053",22.8,3,7,10,3,0,0,4,0,0.13,0.31,0.44,0.13,0.44,Matches,0.07,0.20,44,15,34.1,0.66,1.93,,,,,,,,,,,,,,,,,,,Challenger Pro League,2024-2025
106c96fe,Vince Osuji,Vince Osuji,ng NGA,DF,Club NXT,18,2006,7,7,531,5.9,0,0,0,0,0,0,0,0,0.00,0.00,0.00,0.00,0.00,Matches,0.00,0.00,3,1,33.3,0.17,0.51,,,,,,,,,,,,,,,,,,,Challenger Pro League,2024-2025
967bb460,Jibril Othman,Jibril Othman,tn TUN,FW,Francs Borains,20,2004,9,0,156,1.7,1,0,1,1,0,0,0,0,0.58,0.00,0.58,0.58,0.58,Matches,0.14,0.50,7,2,28.6,1.15,4.04,,,,,,,,,,,,,,,,,,,Challenger Pro League,2024-2025
28e85bea,Patrick Ouotro,Patrick Ouotro,ci CIV,"FW,MF",Seraing,18,2005,8,6,541,6.0,3,1,4,3,0,0,0,0,0.50,0.17,0.67,0.50,0.67,Matches,0.19,0.50,16,6,37.5,1.00,2.66,,,,,,,,,,,,,,,,,,,Challenger Pro League,2024-2025
ce7c9e21,Fousseni Ouro-Sama,Fousseni Ouro-Sama,tg TOG,FW,Lokeren-Temse,20,2003,1,0,1,0.0,0,0,0,0,0,0,0,0,0.00,0.00,0.00,0.00,0.00,Matches,,,0,0,,0.00,0.00,,,,,,,,,,,,,,,,,,,Challenger Pro League,2024-2025
70497a05,Henry Oware,Henry Oware,gh GHA,DF,Lommel,20,2004,16,14,"1,229",13.7,0,0,0,0,0,0,0,1,0.00,0.00,0.00,0.00,0.00,Matches,0.00,,3,0,0.0,0.00,0.22,,,,,,,,,,,,,,,,,,,Challenger Pro League,2024-2025
e4eea72d,Luca Oyen,Luca Oyen,be BEL,MF,Jong Genk,21,2003,11,10,851,9.5,1,1,2,1,0,0,0,0,0.11,0.11,0.21,0.11,0.21,Matches,0.08,0.50,12,2,16.7,0.21,1.27,,,,,,,,,,,,,,,,,,,Challenger Pro League,2024-2025
0c9844cd,Rune Paeshuyse,Rune Paeshuyse,be BEL,DF,Eupen,22,2002,28,28,"2,520",28.0,0,0,0,0,0,0,1,0,0.00,0.00,0.00,0.00,0.00,Matches,0.00,0.00,7,2,28.6,0.07,0.25,,,,,,,,,,,,,,,,,,,Challenger Pro League,2024-2025
9a521513,Adrián Palacios,Adrián Palacios,ve VEN,DF,Jong Genk,20,2004,15,15,"1,246",13.8,0,0,0,0,0,0,3,0,0.00,0.00,0.00,0.00,0.00,Matches,0.00,,2,0,0.0,0.00,0.14,,,,,,,,,,,,,,,,,,,Challenger Pro League,2024-2025
5dc15574,Miloš Pantović,Miloš Pantović,rs SRB,"MF,FW",Eupen,28,1996,19,12,877,9.7,1,2,3,1,0,0,5,0,0.10,0.21,0.31,0.10,0.31,Matches,0.07,0.33,14,3,21.4,0.31,1.44,,,,,,,,,,,,,,,,,,,Challenger Pro League,2024-2025
c795d6b6,Piotr Parzyszek,Piotr Parzyszek,pl POL,FW,RWDM,30,1993,28,25,"2,146",23.8,8,5,13,6,2,3,2,0,0.34,0.21,0.55,0.25,0.46,Matches,0.09,0.26,69,23,33.3,0.96,2.89,,,,,,,,,,,,,,,,,,,Challenger Pro League,2024-2025
a9acaa6b,Shayne Pattynama,Shayne Pattynama,id IDN,"DF,MF",Eupen,25,1998,16,7,709,7.9,0,0,0,0,0,0,2,1,0.00,0.00,0.00,0.00,0.00,Matches,0.00,,1,0,0.0,0.00,0.13,,,,,,,,,,,,,,,,,,,Challenger Pro League,2024-2025
778a285f,Maxime Pau,Maxime Pau,fr FRA,MF,La Louvière,24,2000,20,9,834,9.3,4,3,7,3,1,1,3,0,0.43,0.32,0.76,0.32,0.65,Matches,0.09,0.23,34,13,38.2,1.40,3.67,,,,,,,,,,,,,,,,,,,Challenger Pro League,2024-2025
4385ee98,Wilguens Paugain,Wilguens Paugain,ht HAI,MF,Zulte Waregem,22,2001,3,1,120,1.3,0,1,1,0,0,0,0,0,0.00,0.75,0.75,0.00,0.75,Matches,0.00,0.00,1,1,100.0,0.75,0.75,,,,,,,,,,,,,,,,,,,Challenger Pro League,2024-2025
d70a5433,Marcos Paulo,Marcos Paulo,br BRA,"FW,MF",RWDM,23,2001,2,0,20,0.2,0,0,0,0,0,0,0,0,0.00,0.00,0.00,0.00,0.00,Matches,0.00,,1,0,0.0,0.00,4.50,,,,,,,,,,,,,,,,,,,Challenger Pro League,2024-2025
e40f365c,Marcos Peano,Marcos Peano,ar ARG,GK,La Louvière,25,1998,27,27,"2,420",26.9,0,0,0,0,0,0,4,1,0.00,0.00,0.00,0.00,0.00,Matches,,,0,0,,0.00,0.00,10,37.0,27,27,23,0.86,3,"2,420",1,2,1,0.0,0,75.0,66,88,7,17,Challenger Pro League,2024-2025
9843fb13,Kjell Peersman,Kjell Peersman,be BEL,GK,Lierse,20,2004,26,26,"2,340",26.0,0,0,0,0,0,0,2,0,0.00,0.00,0.00,0.00,0.00,Matches,,,0,0,,0.00,0.00,7,26.9,26,26,33,1.27,10,"2,340",4,4,0,0.0,0,72.1,75,104,7,9,Challenger Pro League,2024-2025
2f8f43f3,Stef Peeters,Stef Peeters,be BEL,"MF,FW",Patro Eisden,32,1992,5,3,276,3.1,2,0,2,2,0,0,4,1,0.65,0.00,0.65,0.65,0.65,Matches,0.20,0.67,10,3,30.0,0.98,3.26,,,,,,,,,,,,,,,,,,,Challenger Pro League,2024-2025
f9575abf,Joey Pelupessy,Joey Pelupessy,id IDN,MF,Lommel,31,1993,12,12,992,11.0,0,1,1,0,0,0,3,0,0.00,0.09,0.09,0.00,0.09,Matches,0.00,0.00,9,4,44.4,0.36,0.82,,,,,,,,,,,,,,,,,,,Challenger Pro League,2024-2025
074e1710,Mike Penders,Mike Penders,be BEL,GK,Jong Genk,19,2005,9,9,810,9.0,0,0,0,0,0,0,2,0,0.00,0.00,0.00,0.00,0.00,Matches,,,0,0,,0.00,0.00,1,11.1,9,9,19,2.11,5,810,1,2,0,50.0,1,60.9,29,46,2,2,Challenger Pro League,2024-2025
0a6e90ca,Pietro Perdichizzi,Pietro Perdichizzi,be BEL,DF,Lierse,31,1992,23,23,"1,975",21.9,1,2,3,1,0,0,10,0,0.05,0.09,0.14,0.05,0.14,Matches,0.08,0.50,13,2,15.4,0.09,0.59,,,,,,,,,,,,,,,,,,,Challenger Pro League,2024-2025
dbc172c9,Daniel Perez,Daniel Perez,ve VEN,"FW,MF",Club NXT,22,2002,14,2,296,3.3,0,2,2,0,0,0,0,0,0.00,0.61,0.61,0.00,0.61,Matches,0.00,0.00,6,2,33.3,0.61,1.82,,,,,,,,,,,,,,,,,,,Challenger Pro League,2024-2025
dbc172c9,Daniel Perez,Daniel Perez,ve VEN,"FW,MF",Club NXT,22,2002,14,2,296,3.3,0,2,2,0,0,0,0,0,0.00,0.61,0.61,0.00,0.61,Matches,0.20,0.40,10,5,50.0,1.30,2.61,,,,,,,,,,,,,,,,,,,Challenger Pro League,2024-2025
dbc172c9,Daniel Perez,Daniel Perez,ve VEN,FW,Lokeren-Temse,22,2002,10,2,345,3.8,3,0,3,2,1,1,0,0,0.78,0.00,0.78,0.52,0.52,Matches,0.00,0.00,6,2,33.3,0.61,1.82,,,,,,,,,,,,,,,,,,,Challenger Pro League,2024-2025
dbc172c9,Daniel Perez,Daniel Perez,ve VEN,FW,Lokeren-Temse,22,2002,10,2,345,3.8,3,0,3,2,1,1,0,0,0.78,0.00,0.78,0.52,0.52,Matches,0.20,0.40,10,5,50.0,1.30,2.61,,,,,,,,,,,,,,,,,,,Challenger Pro League,2024-2025
e0641be2,Sonny Perrey,Sonny Perrey,fr FRA,MF,Seraing,22,2002,10,4,389,4.3,0,0,0,0,0,0,0,0,0.00,0.00,0.00,0.00,0.00,Matches,0.00,0.00,4,2,50.0,0.46,0.93,,,,,,,,,,,,,,,,,,,Challenger Pro League,2024-2025
679ca46d,Del Piage,Del Piage,br BRA,MF,RWDM,24,2000,22,8,864,9.6,0,0,0,0,0,0,3,0,0.00,0.00,0.00,0.00,0.00,Matches,0.00,0.00,15,3,20.0,0.31,1.56,,,,,,,,,,,,,,,,,,,Challenger Pro League,2024-2025
10f2ea83,Matthias Pieklak,Matthias Pieklak,be BEL,GK,Lommel,17,2006,17,17,"1,530",17.0,0,0,0,0,0,0,2,0,0.00,0.00,0.00,0.00,0.00,Matches,,,0,0,,0.00,0.00,4,23.5,17,17,20,1.18,6,"1,530",2,4,0,50.0,2,71.9,48,64,3,8,Challenger Pro League,2024-2025
2f5f098b,Kayden Pierre,Kayden Pierre,us USA,"DF,MF",Jong Genk,21,2003,23,22,"1,888",21.0,0,0,0,0,0,0,3,0,0.00,0.00,0.00,0.00,0.00,Matches,0.00,0.00,8,2,25.0,0.10,0.38,,,,,,,,,,,,,,,,,,,Challenger Pro League,2024-2025
03727c62,Théo Pierrot,Théo Pierrot,fr FRA,MF,RFC Liège,30,1994,22,11,"1,113",12.4,1,0,1,1,0,0,3,0,0.08,0.00,0.08,0.08,0.08,Matches,0.08,0.50,12,2,16.7,0.16,0.97,,,,,,,,,,,,,,,,,,,Challenger Pro League,2024-2025
2b88d9ba,Tom Pietermaat,Tom Pietermaat,be BEL,MF,Patro Eisden,31,1992,11,6,561,6.2,0,1,1,0,0,0,2,0,0.00,0.16,0.16,0.00,0.16,Matches,,,0,0,,0.00,0.00,,,,,,,,,,,,,,,,,,,Challenger Pro League,2024-2025
a1fefff1,Camilo Pinillo,Camilo Pinillo,cu CUB,DF,Lierse,19,2005,1,0,1,0.0,0,0,0,0,0,0,0,0,0.00,0.00,0.00,0.00,0.00,Matches,,,0,0,,0.00,0.00,,,,,,,,,,,,,,,,,,,Challenger Pro League,2024-2025
ff51bc30,Andrea Piron,Andrea Piron,be BEL,"MF,DF",Eupen,18,2005,3,2,89,1.0,0,0,0,0,0,0,0,1,0.00,0.00,0.00,0.00,0.00,Matches,0.00,,1,0,0.0,0.00,1.01,,,,,,,,,,,,,,,,,,,Challenger Pro League,2024-2025
4760b2f2,Ihor Plastun,Ihor Plastun,ua UKR,"DF,MF",Eupen,33,1990,5,3,245,2.7,0,0,0,0,0,0,0,0,0.00,0.00,0.00,0.00,0.00,Matches,0.00,0.00,3,1,33.3,0.37,1.10,,,,,,,,,,,,,,,,,,,Challenger Pro League,2024-2025
b379346c,Kwasi Poku,Kwasi Poku,ca CAN,"MF,FW",RWDM,21,2003,13,10,852,9.5,3,0,3,3,0,0,0,0,0.32,0.00,0.32,0.32,0.32,Matches,0.18,0.27,17,11,64.7,1.16,1.80,,,,,,,,,,,,,,,,,,,Challenger Pro League,2024-2025
af5b4849,Xavier Preijs,Xavier Preijs,be BEL,DF,RWDM,18,2005,10,1,147,1.6,0,0,0,0,0,0,0,0,0.00,0.00,0.00,0.00,0.00,Matches,0.00,0.00,2,1,50.0,0.61,1.22,,,,,,,,,,,,,,,,,,,Challenger Pro League,2024-2025
2d0cd56f,Djaier Prijor,Djaier Prijor,sr SUR,FW,Lommel,19,2005,2,1,139,1.5,0,0,0,0,0,0,1,0,0.00,0.00,0.00,0.00,0.00,Matches,0.00,,2,0,0.0,0.00,1.29,,,,,,,,,,,,,,,,,,,Challenger Pro League,2024-2025
eebe52dd,Mondy Prunier,Mondy Prunier,ht HAI,FW,Francs Borains,24,1999,27,27,"2,256",25.1,9,1,10,9,0,1,3,0,0.36,0.04,0.40,0.36,0.40,Matches,0.18,0.39,51,23,45.1,0.92,2.03,,,,,,,,,,,,,,,,,,,Challenger Pro League,2024-2025
6a9fd84d,Denis Prychynenko,Denis Prychynenko,ua UKR,DF,Lokeren-Temse,32,1992,11,9,794,8.8,0,0,0,0,0,0,4,1,0.00,0.00,0.00,0.00,0.00,Matches,0.00,0.00,2,1,50.0,0.11,0.23,,,,,,,,,,,,,,,,,,,Challenger Pro League,2024-2025
3f428a18,Julian Renner,Julian Renner,de GER,GK,Eupen,21,2003,15,15,"1,350",15.0,0,0,0,0,0,0,0,0,0.00,0.00,0.00,0.00,0.00,Matches,,,0,0,,0.00,0.00,3,20.0,15,15,27,1.80,9,"1,350",1,1,0,0.0,0,63.4,45,71,4,2,Challenger Pro League,2024-2025
60fb5e6e,Jordan Renson,Jordan Renson,be BEL,DF,Patro Eisden,28,1996,28,28,"2,509",27.9,5,0,5,5,0,0,3,0,0.18,0.00,0.18,0.18,0.18,Matches,0.17,0.56,30,9,30.0,0.32,1.08,,,,,,,,,,,,,,,,,,,Challenger Pro League,2024-2025
b4a0a4c8,Beau Reus,Beau Reus,nl NED,GK,Beveren,22,2001,27,27,"2,430",27.0,0,0,0,0,0,0,4,0,0.00,0.00,0.00,0.00,0.00,Matches,,,0,0,,0.00,0.00,12,44.4,27,27,27,1.00,5,"2,430",0,1,0,100.0,1,76.1,87,113,9,13,Challenger Pro League,2024-2025
bdb60836,Stephen Reynaerts,Stephen Reynaerts,be BEL,MF,RFC Liège,19,2005,1,0,5,0.1,0,0,0,0,0,0,0,0,0.00,0.00,0.00,0.00,0.00,Matches,,,0,0,,0.00,0.00,,,,,,,,,,,,,,,,,,,Challenger Pro League,2024-2025
8361b5d6,Gaëtan Robail,Gaëtan Robail,fr FRA,MF,RWDM,30,1994,16,12,910,10.1,5,2,7,5,0,0,2,0,0.49,0.20,0.69,0.49,0.69,Matches,0.18,0.50,28,10,35.7,0.99,2.77,,,,,,,,,,,,,,,,,,,Challenger Pro League,2024-2025
81e4f7ff,Milan Robberechts,Milan Robberechts,be BEL,"MF,FW",RSCA Futures,20,2004,23,18,"1,348",15.0,3,1,4,3,0,0,4,0,0.20,0.07,0.27,0.20,0.27,Matches,0.20,0.38,15,8,53.3,0.53,1.00,,,,,,,,,,,,,,,,,,,Challenger Pro League,2024-2025
f1afb849,Nicolas Rommens,Nicolas Rommens,be BEL,MF,Zulte Waregem,29,1994,25,25,"2,225",24.7,1,5,6,1,0,1,9,0,0.04,0.20,0.24,0.04,0.24,Matches,0.05,0.14,21,7,33.3,0.28,0.85,,,,,,,,,,,,,,,,,,,Challenger Pro League,2024-2025
c66a2173,Diego Rosa,Diego Rosa,br BRA,MF,Lommel,21,2002,17,12,"1,114",12.4,5,1,6,5,0,0,4,0,0.40,0.08,0.48,0.40,0.48,Matches,0.16,0.42,31,12,38.7,0.97,2.50,,,,,,,,,,,,,,,,,,,Challenger Pro League,2024-2025
5d0ce27a,Tom Roufosse,Tom Roufosse,be BEL,GK,Eupen,22,2001,5,5,450,5.0,0,0,0,0,0,0,1,1,0.00,0.00,0.00,0.00,0.00,Matches,,,0,0,,0.00,0.00,1,20.0,5,5,6,1.20,2,450,1,2,1,0.0,0,76.2,16,21,0,3,Challenger Pro League,2024-2025
90a9cc01,Kays Ruiz,Kays Ruiz,fr FRA,"FW,MF",Francs Borains,21,2002,20,16,"1,452",16.1,3,4,7,3,0,0,12,1,0.19,0.25,0.43,0.19,0.43,Matches,0.12,0.33,25,9,36.0,0.56,1.55,,,,,,,,,,,,,,,,,,,Challenger Pro League,2024-2025
917b5f77,Nicholas Rutgeerts,Nicholas Rutgeerts,be BEL,GK,RSCA Futures,19,2005,2,0,129,1.4,0,0,0,0,0,0,0,0,0.00,0.00,0.00,0.00,0.00,Matches,,,0,0,,0.00,0.00,0,,2,0,8,5.58,0,129,0,0,0,,0,27.3,3,11,0,0,Challenger Pro League,2024-2025
585d0192,Kyriani Sabbe,Kyriani Sabbe,be BEL,DF,Club NXT,19,2005,1,1,68,0.8,0,0,0,0,0,0,0,0,0.00,0.00,0.00,0.00,0.00,Matches,,,0,0,,0.00,0.00,,,,,,,,,,,,,,,,,,,Challenger Pro League,2024-2025
c1ff8108,Mo Salah,Mo Salah,be BEL,"MF,FW",Lommel,20,2004,27,27,"2,323",25.8,7,5,12,5,2,2,2,0,0.27,0.19,0.46,0.19,0.39,Matches,0.07,0.17,69,30,43.5,1.16,2.67,,,,,,,,,,,,,,,,,,,Challenger Pro League,2024-2025
fb36e68c,Serigne Saliou Faye,Serigne Saliou Faye,sn SEN,MF,Seraing,18,2006,19,15,"1,100",12.2,4,0,4,4,0,0,3,0,0.33,0.00,0.33,0.33,0.33,Matches,0.19,0.36,21,11,52.4,0.90,1.72,,,,,,,,,,,,,,,,,,,Challenger Pro League,2024-2025
200b28c6,Marsoni Sambu,Marsoni Sambu,ao ANG,"DF,MF",RWDM,28,1996,28,27,"2,430",27.0,2,1,3,2,0,0,5,0,0.07,0.04,0.11,0.07,0.11,Matches,0.11,0.40,18,5,27.8,0.19,0.67,,,,,,,,,,,,,,,,,,,Challenger Pro League,2024-2025
38766796,Aske Sampers,Aske Sampers,be BEL,FW,Lierse,23,2001,13,3,319,3.5,1,1,2,0,1,1,0,0,0.28,0.28,0.56,0.00,0.28,Matches,0.00,0.00,12,4,33.3,1.13,3.39,,,,,,,,,,,,,,,,,,,Challenger Pro League,2024-2025
c5788604,Mamadou Sané,Mamadou Sané,sn SEN,"FW,DF",Francs Borains,19,2004,3,2,179,2.0,0,0,0,0,0,0,0,0,0.00,0.00,0.00,0.00,0.00,Matches,0.00,,1,0,0.0,0.00,0.50,,,,,,,,,,,,,,,,,,,Challenger Pro League,2024-2025
d834dee4,Álvaro Santos,Álvaro Santos,es ESP,MF,Lommel,19,2005,26,20,"1,725",19.2,3,1,4,3,0,0,5,0,0.16,0.05,0.21,0.16,0.21,Matches,0.09,0.23,34,13,38.2,0.68,1.77,,,,,,,,,,,,,,,,,,,Challenger Pro League,2024-2025
590526c0,Sapata,Sapata,br BRA,MF,RWDM,21,2003,10,1,243,2.7,0,1,1,0,0,0,1,0,0.00,0.37,0.37,0.00,0.37,Matches,0.00,0.00,7,2,28.6,0.74,2.59,,,,,,,,,,,,,,,,,,,Challenger Pro League,2024-2025
e41349e8,Raphaël Sarfo,Raphaël Sarfo,nl NED,"DF,MF",Patro Eisden,20,2004,10,3,276,3.1,1,1,2,1,0,0,2,0,0.33,0.33,0.65,0.33,0.65,Matches,0.50,1.00,2,1,50.0,0.33,0.65,,,,,,,,,,,,,,,,,,,Challenger Pro League,2024-2025
277279dc,Matteo Scarpinati,Matteo Scarpinati,be BEL,DF,Seraing,18,2005,7,1,121,1.3,0,0,0,0,0,0,0,0,0.00,0.00,0.00,0.00,0.00,Matches,,,0,0,,0.00,0.00,,,,,,,,,,,,,,,,,,,Challenger Pro League,2024-2025
ecdc7f0c,Timo Schlieck,Timo Schlieck,de GER,GK,RSCA Futures,18,2006,21,21,"1,890",21.0,0,0,0,0,0,0,0,0,0.00,0.00,0.00,0.00,0.00,Matches,,,0,0,,0.00,0.00,2,9.5,21,21,35,1.67,10,"1,890",5,5,0,0.0,0,65.9,58,88,7,4,Challenger Pro League,2024-2025
2a4828b3,Lucas Schoofs,Lucas Schoofs,be BEL,MF,Lommel,27,1997,20,20,"1,739",19.3,6,1,7,5,1,1,3,0,0.31,0.05,0.36,0.26,0.31,Matches,0.20,0.31,25,16,64.0,0.83,1.29,,,,,,,,,,,,,,,,,,,Challenger Pro League,2024-2025
399eb939,Nils Schouterden,Nils Schouterden,be BEL,"MF,DF",Seraing,35,1988,24,23,"1,891",21.0,1,2,3,1,0,0,6,0,0.05,0.10,0.14,0.05,0.14,Matches,0.05,0.17,20,6,30.0,0.29,0.95,,,,,,,,,,,,,,,,,,,Challenger Pro League,2024-2025
c0667ed4,Djiby Seck,Djiby Seck,sn SEN,FW,Lokeren-Temse,20,2004,3,0,36,0.4,0,0,0,0,0,0,0,0,0.00,0.00,0.00,0.00,0.00,Matches,0.00,,2,0,0.0,0.00,5.00,,,,,,,,,,,,,,,,,,,Challenger Pro League,2024-2025
8809a297,Mathis Servais,Mathis Servais,be BEL,"MF,FW",Beveren,19,2004,28,24,"2,026",22.5,8,6,14,5,3,3,2,0,0.36,0.27,0.62,0.22,0.49,Matches,0.08,0.25,62,20,32.3,0.89,2.75,,,,,,,,,,,,,,,,,,,Challenger Pro League,2024-2025
bc4e67be,Noah Serwy,Noah Serwy,be BEL,FW,Seraing,21,2003,4,0,66,0.7,0,0,0,0,0,0,0,0,0.00,0.00,0.00,0.00,0.00,Matches,0.00,0.00,1,1,100.0,1.36,1.36,,,,,,,,,,,,,,,,,,,Challenger Pro League,2024-2025
9c6e28ea,Sekou Sidibe,Sekou Sidibe,be BEL,"DF,MF",La Louvière,23,2001,8,5,444,4.9,1,0,1,1,0,0,1,0,0.20,0.00,0.20,0.20,0.20,Matches,0.11,0.17,9,6,66.7,1.22,1.82,,,,,,,,,,,,,,,,,,,Challenger Pro League,2024-2025
0bb343be,Jessi da Silva,Jessi da Silva,be BEL,MF,Club NXT,16,2008,17,3,511,5.7,0,0,0,0,0,0,0,0,0.00,0.00,0.00,0.00,0.00,Matches,0.00,,4,0,0.0,0.00,0.70,,,,,,,,,,,,,,,,,,,Challenger Pro League,2024-2025
9b0d1f1b,William Simba,William Simba,be BEL,MF,Patro Eisden,23,2001,17,7,800,8.9,1,0,1,1,0,0,1,1,0.11,0.00,0.11,0.11,0.11,Matches,0.20,0.50,5,2,40.0,0.23,0.56,,,,,,,,,,,,,,,,,,,Challenger Pro League,2024-2025
9daa5e57,Jevon Simons,Jevon Simons,nl NED,"FW,MF",Zulte Waregem,19,2005,3,0,33,0.4,0,0,0,0,0,0,0,0,0.00,0.00,0.00,0.00,0.00,Matches,,,0,0,,0.00,0.00,,,,,,,,,,,,,,,,,,,Challenger Pro League,2024-2025
c6cf860f,Hugo Siquet,Hugo Siquet,be BEL,DF,Club NXT,22,2002,1,1,90,1.0,1,0,1,1,0,0,0,0,1.00,0.00,1.00,1.00,1.00,Matches,0.50,1.00,2,1,50.0,1.00,2.00,,,,,,,,,,,,,,,,,,,Challenger Pro League,2024-2025
e6757b44,Nicolás Siri,Nicolás Siri,uy URU,"FW,MF",Lommel,20,2004,10,7,615,6.8,2,0,2,2,0,0,1,0,0.29,0.00,0.29,0.29,0.29,Matches,0.09,0.40,22,5,22.7,0.73,3.22,,,,,,,,,,,,,,,,,,,Challenger Pro League,2024-2025
59a41525,Frederic Soelle Soelle,Frederic Soelle Soelle,be BEL,FW,RWDM,18,2005,3,0,24,0.3,0,0,0,0,0,0,0,0,0.00,0.00,0.00,0.00,0.00,Matches,0.00,0.00,2,1,50.0,3.75,7.50,,,,,,,,,,,,,,,,,,,Challenger Pro League,2024-2025
361d0621,Noah Solheid,Noah Solheid,be BEL,DF,Seraing,21,2003,28,28,"2,457",27.3,1,0,1,1,0,0,2,1,0.04,0.00,0.04,0.04,0.04,Matches,0.05,0.20,20,5,25.0,0.18,0.73,,,,,,,,,,,,,,,,,,,Challenger Pro League,2024-2025
9ecea14f,Mohamed Soumarè,Mohamed Soumarè,be BEL,FW,Lokeren-Temse,28,1996,16,9,828,9.2,0,1,1,0,0,0,5,1,0.00,0.11,0.11,0.00,0.11,Matches,0.00,0.00,18,7,38.9,0.76,1.96,,,,,,,,,,,,,,,,,,,Challenger Pro League,2024-2025
d588a2bd,David Sousa,David Sousa,br BRA,DF,RWDM,23,2001,27,27,"2,376",26.4,1,2,3,1,0,0,5,0,0.04,0.08,0.11,0.04,0.11,Matches,0.06,0.33,17,3,17.6,0.11,0.64,,,,,,,,,,,,,,,,,,,Challenger Pro League,2024-2025
07ab6f2d,Ousmane Sow,Ousmane Sow,sn SEN,"FW,MF",Lierse,24,2000,18,18,"1,564",17.4,4,7,11,4,0,0,2,0,0.23,0.40,0.63,0.23,0.63,Matches,0.08,0.29,48,14,29.2,0.81,2.76,,,,,,,,,,,,,,,,,,,Challenger Pro League,2024-2025
7acc46be,Andreas Spegelaere,Andreas Spegelaere,be BEL,DF,Lokeren-Temse,21,2003,8,6,571,6.3,0,0,0,0,0,0,0,0,0.00,0.00,0.00,0.00,0.00,Matches,,,0,0,,0.00,0.00,,,,,,,,,,,,,,,,,,,Challenger Pro League,2024-2025
2d65a822,Jorne Spileers,Jorne Spileers,be BEL,"DF,MF",Club NXT,19,2005,3,3,244,2.7,0,0,0,0,0,0,0,0,0.00,0.00,0.00,0.00,0.00,Matches,0.00,,1,0,0.0,0.00,0.37,,,,,,,,,,,,,,,,,,,Challenger Pro League,2024-2025
c2e3ceb7,Enzo Sternal,Enzo Sternal,fr FRA,"MF,FW",RSCA Futures,17,2007,6,5,425,4.7,2,0,2,2,0,0,0,0,0.42,0.00,0.42,0.42,0.42,Matches,0.25,0.67,8,3,37.5,0.64,1.69,,,,,,,,,,,,,,,,,,,Challenger Pro League,2024-2025
50f823d3,Filip Stevanovic,Filip Stevanovic,rs SRB,"MF,FW",Lommel,21,2002,9,5,473,5.3,1,1,2,1,0,0,0,0,0.19,0.19,0.38,0.19,0.38,Matches,0.14,0.50,7,2,28.6,0.38,1.33,,,,,,,,,,,,,,,,,,,Challenger Pro League,2024-2025
34b663fd,Brent Stevens,Brent Stevens,be BEL,GK,Jong Genk,20,2003,1,1,90,1.0,0,0,0,0,0,0,0,0,0.00,0.00,0.00,0.00,0.00,Matches,,,0,0,,0.00,0.00,0,0.0,1,1,3,3.00,1,90,0,1,0,100.0,1,62.5,6,8,0,0,Challenger Pro League,2024-2025
ce6edc78,Gassimou Sylla,Gassimou Sylla,be BEL,"MF,FW",RSCA Futures,15,2008,16,6,660,7.3,3,1,4,2,1,1,1,0,0.41,0.14,0.55,0.27,0.41,Matches,0.14,0.25,14,8,57.1,1.09,1.91,,,,,,,,,,,,,,,,,,,Challenger Pro League,2024-2025
3d517fe3,Anas Tajaouart,Anas Tajaouart,ma MAR,MF,RSCA Futures,18,2005,17,17,"1,524",16.9,3,2,5,3,0,0,2,0,0.18,0.12,0.30,0.18,0.30,Matches,0.12,0.43,26,7,26.9,0.41,1.54,,,,,,,,,,,,,,,,,,,Challenger Pro League,2024-2025
b9a654ee,Anton Tanghe,Anton Tanghe,be BEL,DF,Zulte Waregem,25,1999,24,24,"2,145",23.8,1,1,2,1,0,0,4,0,0.04,0.04,0.08,0.04,0.08,Matches,0.14,0.50,7,2,28.6,0.08,0.29,,,,,,,,,,,,,,,,,,,Challenger Pro League,2024-2025
c0863e2e,Faniel Tewelde,Faniel Tewelde,no NOR,DF,Lommel,17,2006,4,0,52,0.6,0,0,0,0,0,0,1,0,0.00,0.00,0.00,0.00,0.00,Matches,0.00,0.00,1,1,100.0,1.73,1.73,,,,,,,,,,,,,,,,,,,Challenger Pro League,2024-2025
0292ae89,Yvann Titi,Yvann Titi,fr FRA,DF,Lommel,18,2006,22,16,"1,439",16.0,0,0,0,0,0,0,5,0,0.00,0.00,0.00,0.00,0.00,Matches,0.00,0.00,7,1,14.3,0.06,0.44,,,,,,,,,,,,,,,,,,,Challenger Pro League,2024-2025
1a5fa6a3,Jesper Tolinsson,Jesper Tolinsson,se SWE,DF,Lommel,21,2003,22,21,"1,901",21.1,0,1,1,0,0,0,5,0,0.00,0.05,0.05,0.00,0.05,Matches,0.00,0.00,5,2,40.0,0.09,0.24,,,,,,,,,,,,,,,,,,,Challenger Pro League,2024-2025
979d042d,Samih El Touile,Samih El Touile,be BEL,MF,Lierse,20,2004,10,0,154,1.7,0,1,1,0,0,0,0,0,0.00,0.58,0.58,0.00,0.58,Matches,0.00,0.00,2,1,50.0,0.58,1.17,,,,,,,,,,,,,,,,,,,Challenger Pro League,2024-2025
d17f21fe,Saïdou Touré,Saïdou Touré,be BEL,"FW,MF",Jong Genk,17,2007,19,8,700,7.8,2,0,2,2,0,0,0,0,0.26,0.00,0.26,0.26,0.26,Matches,0.25,0.40,8,5,62.5,0.64,1.03,,,,,,,,,,,,,,,,,,,Challenger Pro League,2024-2025
4acce112,Abdoulaye Traoré,Abdoulaye Traoré,ci CIV,FW,Zulte Waregem,21,2003,16,4,468,5.2,2,0,2,2,0,0,0,0,0.38,0.00,0.38,0.38,0.38,Matches,0.06,0.20,33,10,30.3,1.92,6.35,,,,,,,,,,,,,,,,,,,Challenger Pro League,2024-2025
df34b15d,Adrian Troć,Adrian Troć,pl POL,"FW,MF",Francs Borains,21,2003,11,5,422,4.7,1,0,1,1,0,0,1,0,0.21,0.00,0.21,0.21,0.21,Matches,0.10,0.50,10,2,20.0,0.43,2.13,,,,,,,,,,,,,,,,,,,Challenger Pro League,2024-2025
7a0b1e96,Marvin Tshibuabua,Marvin Tshibuabua,fr FRA,DF,Seraing,22,2002,27,27,"2,335",25.9,2,0,2,2,0,0,8,0,0.08,0.00,0.08,0.08,0.08,Matches,0.11,0.29,18,7,38.9,0.27,0.69,,,,,,,,,,,,,,,,,,,Challenger Pro League,2024-2025
3302f3b4,Renzo Tytens,Renzo Tytens,be BEL,DF,Club NXT,19,2005,20,11,"1,109",12.3,0,1,1,0,0,0,2,0,0.00,0.08,0.08,0.00,0.08,Matches,0.00,0.00,7,5,71.4,0.41,0.57,,,,,,,,,,,,,,,,,,,Challenger Pro League,2024-2025
1f649e71,Robbie Ure,Robbie Ure,sct SCO,FW,RSCA Futures,20,2004,21,13,"1,207",13.4,7,2,9,7,0,0,3,0,0.52,0.15,0.67,0.52,0.67,Matches,0.17,0.37,42,19,45.2,1.42,3.13,,,,,,,,,,,,,,,,,,,Challenger Pro League,2024-2025
35373a7c,Arno Valkenaers,Arno Valkenaers,be BEL,GK,La Louvière,23,2000,2,1,97,1.1,0,0,0,0,0,0,0,0,0.00,0.00,0.00,0.00,0.00,Matches,,,0,0,,0.00,0.00,0,0.0,2,1,1,0.93,0,97,0,0,0,,0,66.7,2,3,1,0,Challenger Pro League,2024-2025
17ba3468,Thibaut Van Acker,Thibaut Van Acker,be BEL,"DF,MF",Club NXT,32,1991,6,0,122,1.4,0,0,0,0,0,0,0,0,0.00,0.00,0.00,0.00,0.00,Matches,0.00,0.00,2,1,50.0,0.74,1.48,,,,,,,,,,,,,,,,,,,Challenger Pro League,2024-2025
8ac9e6e7,Sam Van Aerschot,Sam Van Aerschot,be BEL,"MF,FW",Lokeren-Temse,28,1995,26,19,"1,668",18.5,2,3,5,2,0,0,5,1,0.11,0.16,0.27,0.11,0.27,Matches,0.07,0.22,29,9,31.0,0.49,1.56,,,,,,,,,,,,,,,,,,,Challenger Pro League,2024-2025
365b9fc4,Jakke Van Britsom,Jakke Van Britsom,be BEL,FW,Club NXT,17,2007,1,0,8,0.1,0,0,0,0,0,0,0,0,0.00,0.00,0.00,0.00,0.00,Matches,,,0,0,,0.00,0.00,,,,,,,,,,,,,,,,,,,Challenger Pro League,2024-2025
a724ee76,Cederick Van Daele,Cederick Van Daele,be BEL,"DF,MF",Lokeren-Temse,23,2000,20,8,887,9.9,2,0,2,2,0,0,4,0,0.20,0.00,0.20,0.20,0.20,Matches,0.29,0.40,7,5,71.4,0.51,0.71,,,,,,,,,,,,,,,,,,,Challenger Pro League,2024-2025
9b23574b,Jason Van Duiven,Jason Van Duiven,nl NED,"FW,MF",Lommel,19,2005,27,27,"2,374",26.4,4,2,6,3,1,2,7,0,0.15,0.08,0.23,0.11,0.19,Matches,0.07,0.20,46,15,32.6,0.57,1.74,,,,,,,,,,,,,,,,,,,Challenger Pro League,2024-2025
835e6d66,Lukas Van Eenoo,Lukas Van Eenoo,be BEL,MF,Patro Eisden,33,1991,27,26,"2,365",26.3,4,8,12,3,1,1,7,0,0.15,0.30,0.46,0.11,0.42,Matches,0.07,0.23,42,13,31.0,0.49,1.60,,,,,,,,,,,,,,,,,,,Challenger Pro League,2024-2025
09114395,Yentl Van Genechten,Yentl Van Genechten,be BEL,"DF,MF",Eupen,23,2000,28,28,"2,505",27.8,4,5,9,4,0,0,4,0,0.14,0.18,0.32,0.14,0.32,Matches,0.14,0.36,29,11,37.9,0.40,1.04,,,,,,,,,,,,,,,,,,,Challenger Pro League,2024-2025
86a09cd6,Robbie Van Hauter,Robbie Van Hauter,be BEL,MF,Lokeren-Temse,21,2003,13,2,284,3.2,0,0,0,0,0,0,3,0,0.00,0.00,0.00,0.00,0.00,Matches,0.00,,4,0,0.0,0.00,1.27,,,,,,,,,,,,,,,,,,,Challenger Pro League,2024-2025
363fe1f3,Jannes Van Hecke,Jannes Van Hecke,be BEL,MF,Beveren,22,2002,16,9,920,10.2,0,2,2,0,0,0,0,1,0.00,0.20,0.20,0.00,0.20,Matches,0.00,0.00,8,2,25.0,0.20,0.78,,,,,,,,,,,,,,,,,,,Challenger Pro League,2024-2025
6259e436,Siebe Van Keymolen,Siebe Van Keymolen,be BEL,FW,Zulte Waregem,19,2005,1,0,15,0.2,0,0,0,0,0,0,0,0,0.00,0.00,0.00,0.00,0.00,Matches,,,0,0,,0.00,0.00,,,,,,,,,,,,,,,,,,,Challenger Pro League,2024-2025
0bd7029a,Jellert Van Landschoot,Jellert Van Landschoot,be BEL,MF,Patro Eisden,26,1997,10,6,583,6.5,1,2,3,1,0,0,2,0,0.15,0.31,0.46,0.15,0.46,Matches,0.17,0.33,6,3,50.0,0.46,0.93,,,,,,,,,,,,,,,,,,,Challenger Pro League,2024-2025
151957cf,Gil Van Moerzeke,Gil Van Moerzeke,be BEL,"MF,FW",Lokeren-Temse,26,1998,20,14,"1,324",14.7,1,1,2,1,0,0,3,0,0.07,0.07,0.14,0.07,0.14,Matches,0.03,0.09,33,11,33.3,0.75,2.24,,,,,,,,,,,,,,,,,,,Challenger Pro League,2024-2025
eb1e28af,Argus Vanden Driessche,Argus Vanden Driessche,be BEL,GK,Club NXT,17,2007,4,4,360,4.0,0,0,0,0,0,0,0,0,0.00,0.00,0.00,0.00,0.00,Matches,,,0,0,,0.00,0.00,0,0.0,4,4,6,1.50,2,360,1,1,0,0.0,0,77.3,17,22,1,1,Challenger Pro League,2024-2025
04a1fb82,Alexander Vandeperre,Alexander Vandeperre,be BEL,DF,Club NXT,17,2006,2,0,24,0.3,0,0,0,0,0,0,0,0,0.00,0.00,0.00,0.00,0.00,Matches,,,0,0,,0.00,0.00,,,,,,,,,,,,,,,,,,,Challenger Pro League,2024-2025
2af6c425,Sam Vanderhallen,Sam Vanderhallen,be BEL,DF,Lierse,20,2004,5,4,398,4.4,0,0,0,0,0,0,3,0,0.00,0.00,0.00,0.00,0.00,Matches,0.00,,1,0,0.0,0.00,0.23,,,,,,,,,,,,,,,,,,,Challenger Pro League,2024-2025
d0b4671e,Timon Vanhoutte,Timon Vanhoutte,be BEL,GK,RSCA Futures,20,2004,4,4,276,3.1,0,0,0,0,0,0,0,0,0.00,0.00,0.00,0.00,0.00,Matches,,,0,0,,0.00,0.00,0,0.0,4,4,8,2.61,3,276,0,1,0,100.0,1,55.6,11,18,1,0,Challenger Pro League,2024-2025
dc430f29,Keano Vanrafelghem,Keano Vanrafelghem,be BEL,"FW,MF",Patro Eisden,20,2003,14,13,"1,119",12.4,8,5,13,6,2,3,8,1,0.64,0.40,1.05,0.48,0.88,Matches,0.12,0.29,50,21,42.0,1.69,4.02,,,,,,,,,,,,,,,,,,,Challenger Pro League,2024-2025
6589cfe0,Rik Vercauteren,Rik Vercauteren,be BEL,GK,Lommel,23,2001,1,1,90,1.0,0,0,0,0,0,0,0,0,0.00,0.00,0.00,0.00,0.00,Matches,,,0,0,,0.00,0.00,0,0.0,1,1,2,2.00,1,90,0,0,0,,0,71.4,5,7,0,0,Challenger Pro League,2024-2025
05adc465,Lilian Vergeylen,Lilian Vergeylen,be BEL,MF,RSCA Futures,18,2006,15,8,745,8.3,2,1,3,2,0,0,0,0,0.24,0.12,0.36,0.24,0.36,Matches,0.14,0.40,14,5,35.7,0.60,1.69,,,,,,,,,,,,,,,,,,,Challenger Pro League,2024-2025
7d679c7e,Wout Verlinden,Wout Verlinden,be BEL,DF,Club NXT,17,2007,15,9,869,9.7,0,0,0,0,0,0,2,0,0.00,0.00,0.00,0.00,0.00,Matches,0.00,0.00,3,1,33.3,0.10,0.31,,,,,,,,,,,,,,,,,,,Challenger Pro League,2024-2025
7db98639,Romeo Vermant,Romeo Vermant,be BEL,"MF,FW",Club NXT,20,2004,2,2,124,1.4,1,1,2,1,0,0,0,0,0.73,0.73,1.45,0.73,1.45,Matches,0.25,0.33,4,3,75.0,2.18,2.90,,,,,,,,,,,,,,,,,,,Challenger Pro League,2024-2025
f51e661d,Tiago Vermeulen,Tiago Vermeulen,be BEL,FW,Lierse,16,2008,1,0,7,0.1,0,0,0,0,0,0,0,0,0.00,0.00,0.00,0.00,0.00,Matches,,,0,0,,0.00,0.00,,,,,,,,,,,,,,,,,,,Challenger Pro League,2024-2025
b6d829ab,Jarno Vervaque,Jarno Vervaque,be BEL,"DF,MF",Lokeren-Temse,23,2000,12,9,783,8.7,0,1,1,0,0,0,4,0,0.00,0.11,0.11,0.00,0.11,Matches,0.00,0.00,6,2,33.3,0.23,0.69,,,,,,,,,,,,,,,,,,,Challenger Pro League,2024-2025
f81da123,Thomas Vervloet,Thomas Vervloet,be BEL,MF,RSCA Futures,15,2009,1,0,15,0.2,0,0,0,0,0,0,0,0,0.00,0.00,0.00,0.00,0.00,Matches,,,0,0,,0.00,0.00,,,,,,,,,,,,,,,,,,,Challenger Pro League,2024-2025
15a2e41e,Igor Vetokele,Igor Vetokele,ao ANG,FW,Lommel,32,1992,11,1,187,2.1,0,0,0,0,0,0,0,0,0.00,0.00,0.00,0.00,0.00,Matches,0.00,0.00,4,1,25.0,0.48,1.93,,,,,,,,,,,,,,,,,,,Challenger Pro League,2024-2025
d357af4a,Jonas Vinck,Jonas Vinck,be BEL,DF,Lokeren-Temse,29,1995,19,17,"1,479",16.4,0,1,1,0,0,0,6,0,0.00,0.06,0.06,0.00,0.06,Matches,0.00,0.00,7,1,14.3,0.06,0.43,,,,,,,,,,,,,,,,,,,Challenger Pro League,2024-2025
641788ba,Olivier Vliegen,Olivier Vliegen,be BEL,GK,Jong Genk,25,1999,7,7,630,7.0,0,0,0,0,0,0,0,0,0.00,0.00,0.00,0.00,0.00,Matches,,,0,0,,0.00,0.00,1,14.3,7,7,18,2.57,6,630,0,0,0,,0,60.0,27,45,0,1,Challenger Pro League,2024-2025
07ab6542,Jelle Vossen,Jelle Vossen,be BEL,FW,Zulte Waregem,35,1989,23,21,"1,824",20.3,15,2,17,12,3,3,4,0,0.74,0.10,0.84,0.59,0.69,Matches,0.20,0.41,60,29,48.3,1.43,2.96,,,,,,,,,,,,,,,,,,,Challenger Pro League,2024-2025
2b399e0e,Sebas Vreys,Sebas Vreys,be BEL,DF,Patro Eisden,18,2006,1,0,1,0.0,0,0,0,0,0,0,0,0,0.00,0.00,0.00,0.00,0.00,Matches,,,0,0,,0.00,0.00,,,,,,,,,,,,,,,,,,,Challenger Pro League,2024-2025
3dc477d6,Basile Vroninks,Basile Vroninks,be BEL,"MF,DF",RSCA Futures,17,2006,25,22,"1,866",20.7,0,3,3,0,0,0,4,1,0.00,0.14,0.14,0.00,0.14,Matches,0.00,0.00,11,3,27.3,0.14,0.53,,,,,,,,,,,,,,,,,,,Challenger Pro League,2024-2025
4998e162,Patryk Walicki,Patryk Walicki,pl POL,MF,Francs Borains,21,2003,1,0,45,0.5,0,0,0,0,0,0,0,0,0.00,0.00,0.00,0.00,0.00,Matches,,,0,0,,0.00,0.00,,,,,,,,,,,,,,,,,,,Challenger Pro League,2024-2025
71469b56,Matthias Wamu,Matthias Wamu,be BEL,MF,Jong Genk,15,2008,5,2,169,1.9,1,0,1,1,0,0,1,0,0.53,0.00,0.53,0.53,0.53,Matches,0.50,1.00,2,1,50.0,0.53,1.07,,,,,,,,,,,,,,,,,,,Challenger Pro League,2024-2025
180fe6bc,Martin Wasinski,Martin Wasinski,be BEL,"MF,DF",Jong Genk,20,2004,10,10,856,9.5,0,1,1,0,0,0,1,0,0.00,0.11,0.11,0.00,0.11,Matches,0.00,0.00,7,1,14.3,0.11,0.74,,,,,,,,,,,,,,,,,,,Challenger Pro League,2024-2025
9f999458,David Widlarz,David Widlarz,de GER,FW,Eupen,19,2005,6,0,43,0.5,0,0,0,0,0,0,1,0,0.00,0.00,0.00,0.00,0.00,Matches,0.00,,2,0,0.0,0.00,4.19,,,,,,,,,,,,,,,,,,,Challenger Pro League,2024-2025
581a4cfc,Jano Willems,Jano Willems,be BEL,DF,Club NXT,20,2004,6,3,379,4.2,0,0,0,0,0,0,0,0,0.00,0.00,0.00,0.00,0.00,Matches,0.00,,1,0,0.0,0.00,0.24,,,,,,,,,,,,,,,,,,,Challenger Pro League,2024-2025
fecb4fff,Lukas Willen,Lukas Willen,be BEL,DF,Zulte Waregem,21,2003,27,26,"2,313",25.7,0,0,0,0,0,0,4,0,0.00,0.00,0.00,0.00,0.00,Matches,0.00,0.00,11,3,27.3,0.12,0.43,,,,,,,,,,,,,,,,,,,Challenger Pro League,2024-2025
adecc2b2,Reno Wilmots,Reno Wilmots,be BEL,"MF,DF",Patro Eisden,27,1997,24,23,"2,075",23.1,1,3,4,1,0,0,7,0,0.04,0.13,0.17,0.04,0.17,Matches,0.04,0.14,25,7,28.0,0.30,1.08,,,,,,,,,,,,,,,,,,,Challenger Pro League,2024-2025
a090d3a1,Ludovick Wola-Wetshay,Ludovick Wola-Wetshay,be BEL,DF,RSCA Futures,17,2006,13,8,767,8.5,1,0,1,1,0,0,2,0,0.12,0.00,0.12,0.12,0.12,Matches,0.17,1.00,6,1,16.7,0.12,0.70,,,,,,,,,,,,,,,,,,,Challenger Pro League,2024-2025
568de36f,Dries Wouters,Dries Wouters,be BEL,DF,Lommel,27,1997,27,27,"2,363",26.3,2,1,3,2,0,0,3,0,0.08,0.04,0.11,0.08,0.11,Matches,0.13,0.33,15,6,40.0,0.23,0.57,,,,,,,,,,,,,,,,,,,Challenger Pro League,2024-2025
b34b6255,Dries Wuytens,Dries Wuytens,be BEL,DF,Beveren,33,1991,27,26,"2,288",25.4,1,0,1,1,0,0,4,0,0.04,0.00,0.04,0.04,0.04,Matches,0.14,1.00,7,1,14.3,0.04,0.28,,,,,,,,,,,,,,,,,,,Challenger Pro League,2024-2025
2d7d4acc,Stijn Wuytens,Stijn Wuytens,be BEL,DF,Lommel,34,1989,5,2,127,1.4,0,0,0,0,0,0,0,0,0.00,0.00,0.00,0.00,0.00,Matches,,,0,0,,0.00,0.00,,,,,,,,,,,,,,,,,,,Challenger Pro League,2024-2025
243efed8,Siebe Wylin,Siebe Wylin,be BEL,DF,Club NXT,21,2003,28,22,"2,126",23.6,2,2,4,2,0,0,4,0,0.08,0.08,0.17,0.08,0.17,Matches,0.18,0.40,11,5,45.5,0.21,0.47,,,,,,,,,,,,,,,,,,,Challenger Pro League,2024-2025
a8c30326,Abdoulaye Yahaya,Abdoulaye Yahaya,cm CMR,MF,Francs Borains,22,2001,13,2,455,5.1,0,1,1,0,0,0,1,0,0.00,0.20,0.20,0.00,0.20,Matches,0.00,0.00,13,3,23.1,0.59,2.57,,,,,,,,,,,,,,,,,,,Challenger Pro League,2024-2025
cdbc8ea2,Kenshin Yasuda,Kenshin Yasuda,jp JPN,MF,Jong Genk,19,2005,11,7,598,6.6,0,0,0,0,0,0,0,0,0.00,0.00,0.00,0.00,0.00,Matches,0.00,0.00,9,2,22.2,0.30,1.35,,,,,,,,,,,,,,,,,,,Challenger Pro League,2024-2025
4ad6aa04,Ayumu Yokoyama,Ayumu Yokoyama,jp JPN,"MF,FW",Jong Genk,21,2003,9,6,496,5.5,1,0,1,1,0,0,0,0,0.18,0.00,0.18,0.18,0.18,Matches,0.06,0.13,17,8,47.1,1.45,3.08,,,,,,,,,,,,,,,,,,,Challenger Pro League,2024-2025
4f592372,Yumeki Yoshinaga,Yumeki Yoshinaga,jp JPN,"DF,MF",Jong Genk,18,2006,13,13,"1,126",12.5,2,2,4,2,0,0,2,0,0.16,0.16,0.32,0.16,0.32,Matches,0.22,0.25,9,8,88.9,0.64,0.72,,,,,,,,,,,,,,,,,,,Challenger Pro League,2024-2025
a66b26ed,Lorenzo Youndje,Lorenzo Youndje,cm CMR,DF,Jong Genk,19,2005,13,9,872,9.7,0,2,2,0,0,0,2,0,0.00,0.21,0.21,0.00,0.21,Matches,0.00,0.00,4,1,25.0,0.10,0.41,,,,,,,,,,,,,,,,,,,Challenger Pro League,2024-2025
6d70ff07,Pape Youssou Niang,Pape Youssou Niang,sn SEN,MF,Eupen,21,2003,10,6,474,5.3,1,1,2,1,0,0,3,0,0.19,0.19,0.38,0.19,0.38,Matches,0.10,0.33,10,3,30.0,0.57,1.90,,,,,,,,,,,,,,,,,,,Challenger Pro League,2024-2025
cb65aeba,Ilyes Ziani,Ilyes Ziani,ma MAR,"MF,FW",RWDM,21,2003,25,25,"2,062",22.9,7,8,15,7,0,0,4,0,0.31,0.35,0.65,0.31,0.65,Matches,0.14,0.37,50,19,38.0,0.83,2.18,,,,,,,,,,,,,,,,,,,Challenger Pro League,2024-2025
14e0d41e,Yanis Zodehougan,Yanis Zodehougan,fr FRA,DF,Francs Borains,20,2004,1,1,59,0.7,0,0,0,0,0,0,1,0,0.00,0.00,0.00,0.00,0.00,Matches,,,0,0,,0.00,0.00,,,,,,,,,,,,,,,,,,,Challenger Pro League,2024-2025
