2fdee617,Besa Kavajë,https://cdn.ssref.net/req/202603120/tlogo/fb/2fdee617.png,Albania
3ae11b52,FK Egnatia,https://cdn.ssref.net/req/202603120/tlogo/fb/3ae11b52.png,Albania
f1e85b1e,FK Kukësi,https://cdn.ssref.net/req/202603120/tlogo/fb/f1e85b1e.png,Albania
3ba2fddf,FK Partizani Tirana,https://cdn.ssref.net/req/202603120/tlogo/fb/3ba2fddf.png,Albania
fc4db0b4,FK Tomori Berat,https://cdn.ssref.net/req/202603120/tlogo/fb/fc4db0b4.png,Albania
3d81ccdb,Flamurtari Vlorë,https://cdn.ssref.net/req/202603120/tlogo/fb/3d81ccdb.png,Albania
bc8abb97,KF Bylis Ballsh,https://cdn.ssref.net/req/202603120/tlogo/fb/bc8abb97.png,Albania
ddab4421,KF Elbasani,https://cdn.ssref.net/req/202603120/tlogo/fb/ddab4421.png,Albania
abffa138,KF Feronikeli,https://cdn.ssref.net/req/202603120/tlogo/fb/abffa138.png,Albania
7a40cd8b,KF Laçi,https://cdn.ssref.net/req/202603120/tlogo/fb/7a40cd8b.png,Albania
df526548,KF Skënderbeu Korçë,https://cdn.ssref.net/req/202603120/tlogo/fb/df526548.png,Albania
2b924bc5,KF Teuta Durrës,https://cdn.ssref.net/req/202603120/tlogo/fb/2b924bc5.png,Albania
83310fa5,KF Tirana,https://cdn.ssref.net/req/202603120/tlogo/fb/83310fa5.png,Albania
d8deaf72,KF Vllaznia Shkodër,https://cdn.ssref.net/req/202603120/tlogo/fb/d8deaf72.png,Albania
e3a68c8b,KF Vllaznia Shkodër,https://cdn.ssref.net/req/202603120/tlogo/fb/e3a68c8b.png,Albania
d1c1d627,KS Dinamo Tirana,https://cdn.ssref.net/req/202603120/tlogo/fb/d1c1d627.png,Albania
0e3f0159,Luftëtari Gjirokastër,https://cdn.ssref.net/req/202603120/tlogo/fb/0e3f0159.png,Albania
6e1be1d0,Atlètic Club d'Escaldes,https://cdn.ssref.net/req/202603120/tlogo/fb/6e1be1d0.png,Andorra
38120ffa,CE Principat,https://cdn.ssref.net/req/202603120/tlogo/fb/38120ffa.png,Andorra
70ee5e92,FC Encamp,https://cdn.ssref.net/req/202603120/tlogo/fb/70ee5e92.png,Andorra
857b60c3,FC Lusitanos,https://cdn.ssref.net/req/202603120/tlogo/fb/857b60c3.png,Andorra
f654070c,FC Rànger's,https://cdn.ssref.net/req/202603120/tlogo/fb/f654070c.png,Andorra
9549dc95,FC Santa Coloma,https://cdn.ssref.net/req/202603120/tlogo/fb/9549dc95.png,Andorra
fb45dbb9,Inter Club d'Escaldes,https://cdn.ssref.net/req/202603120/tlogo/fb/fb45dbb9.png,Andorra
b784c866,UE Engordany,https://cdn.ssref.net/req/202603120/tlogo/fb/b784c866.png,Andorra
78816dd0,UE Sant Julià,https://cdn.ssref.net/req/202603120/tlogo/fb/78816dd0.png,Andorra
84a33cca,UE Santa Coloma,https://cdn.ssref.net/req/202603120/tlogo/fb/84a33cca.png,Andorra
19d27917,Antigua Barracuda FC,https://cdn.ssref.net/req/202603120/tlogo/fb/19d27917.png,Antigua and Barbuda
d01a653b,AA Argentinos Juniors,https://cdn.ssref.net/req/202603120/tlogo/fb/d01a653b.png,Argentina
8277fe2e,AA Estudiantes de Río Cuarto,https://cdn.ssref.net/req/202603120/tlogo/fb/8277fe2e.png,Argentina
4fae5bbb,AMSD Atlético de Rafaela,https://cdn.ssref.net/req/202603120/tlogo/fb/4fae5bbb.png,Argentina
4bee7ba3,Arsenal FC,https://cdn.ssref.net/req/202603120/tlogo/fb/4bee7ba3.png,Argentina
42a1ab8b,Atlético Tucumán,https://cdn.ssref.net/req/202603120/tlogo/fb/42a1ab8b.png,Argentina
e5927bd8,CA Aldosivi,https://cdn.ssref.net/req/202603120/tlogo/fb/e5927bd8.png,Argentina
06c1606c,CA Banfield,https://cdn.ssref.net/req/202603120/tlogo/fb/06c1606c.png,Argentina
1d89634b,CA Barracas Central,https://cdn.ssref.net/req/202603120/tlogo/fb/1d89634b.png,Argentina
7765008b,CA Belgrano,https://cdn.ssref.net/req/202603120/tlogo/fb/7765008b.png,Argentina
795ca75e,CA Boca Juniors,https://cdn.ssref.net/req/202603120/tlogo/fb/795ca75e.png,Argentina
9aa97c75,CA Central Córdoba de Santiago del Estero,https://cdn.ssref.net/req/202603120/tlogo/fb/9aa97c75.png,Argentina
2d84bb17,CA Colón,https://cdn.ssref.net/req/202603120/tlogo/fb/2d84bb17.png,Argentina
1d3d37ae,CA Huracán,https://cdn.ssref.net/req/202603120/tlogo/fb/1d3d37ae.png,Argentina
40bb0ce9,CA Independiente,https://cdn.ssref.net/req/202603120/tlogo/fb/40bb0ce9.png,Argentina
11b6dba8,CA Lanús,https://cdn.ssref.net/req/202603120/tlogo/fb/11b6dba8.png,Argentina
9bf4eaf4,CA Newell's Old Boys,https://cdn.ssref.net/req/202603120/tlogo/fb/9bf4eaf4.png,Argentina
7a0e4da8,CA Nueva Chicago,https://cdn.ssref.net/req/202603120/tlogo/fb/7a0e4da8.png,Argentina
0e6891d5,CA Patronato,https://cdn.ssref.net/req/202603120/tlogo/fb/0e6891d5.png,Argentina
3cbfa767,CA Platense,https://cdn.ssref.net/req/202603120/tlogo/fb/3cbfa767.png,Argentina
ef99c78c,CA River Plate,https://cdn.ssref.net/req/202603120/tlogo/fb/ef99c78c.png,Argentina
87a920fa,CA Rosario Central,https://cdn.ssref.net/req/202603120/tlogo/fb/87a920fa.png,Argentina
66da6009,CA San Lorenzo de Almagro,https://cdn.ssref.net/req/202603120/tlogo/fb/66da6009.png,Argentina
d7a2603d,CA San Martín de San Juan,https://cdn.ssref.net/req/202603120/tlogo/fb/d7a2603d.png,Argentina
e9ae80b7,CA Sarmiento,https://cdn.ssref.net/req/202603120/tlogo/fb/e9ae80b7.png,Argentina
ceda2145,CA Talleres de Córdoba,https://cdn.ssref.net/req/202603120/tlogo/fb/ceda2145.png,Argentina
0e92bf17,CA Tigre,https://cdn.ssref.net/req/202603120/tlogo/fb/0e92bf17.png,Argentina
5adc7e67,CA Unión de Santa Fe,https://cdn.ssref.net/req/202603120/tlogo/fb/5adc7e67.png,Argentina
41c139b6,CA Vélez Sarsfield,https://cdn.ssref.net/req/202603120/tlogo/fb/41c139b6.png,Argentina
ac9a09b4,CD Godoy Cruz Antonio Tomba,https://cdn.ssref.net/req/202603120/tlogo/fb/ac9a09b4.png,Argentina
aa68918c,Chacarita Juniors,https://cdn.ssref.net/req/202603120/tlogo/fb/aa68918c.png,Argentina
a644a94b,Club Atlético Temperley,https://cdn.ssref.net/req/202603120/tlogo/fb/a644a94b.png,Argentina
950a95f2,Club de Gimnasia y Esgrima La Plata,https://cdn.ssref.net/req/202603120/tlogo/fb/950a95f2.png,Argentina
df734df9,Club Estudiantes de La Plata,https://cdn.ssref.net/req/202603120/tlogo/fb/df734df9.png,Argentina
7ce29752,Club Olimpo,https://cdn.ssref.net/req/202603120/tlogo/fb/7ce29752.png,Argentina
5109d3b7,Crucero del Norte,https://cdn.ssref.net/req/202603120/tlogo/fb/5109d3b7.png,Argentina
8a9d5afa,CS Independiente Rivadavia,https://cdn.ssref.net/req/202603120/tlogo/fb/8a9d5afa.png,Argentina
a4570206,CSD Defensa y Justicia,https://cdn.ssref.net/req/202603120/tlogo/fb/a4570206.png,Argentina
b3d222b1,Deportivo Riestra,https://cdn.ssref.net/req/202603120/tlogo/fb/b3d222b1.png,Argentina
c694e6e5,Gimnasia y Esgrima de Mendoza,https://cdn.ssref.net/req/202603120/tlogo/fb/c694e6e5.png,Argentina
e2f19203,Instituto Atlético Central Córdoba,https://cdn.ssref.net/req/202603120/tlogo/fb/e2f19203.png,Argentina
96876fbd,Quilmes AC,https://cdn.ssref.net/req/202603120/tlogo/fb/96876fbd.png,Argentina
8e20e13d,Racing Club,https://cdn.ssref.net/req/202603120/tlogo/fb/8e20e13d.png,Argentina
7dd9e55f,San Martín de Tucumán,https://cdn.ssref.net/req/202603120/tlogo/fb/7dd9e55f.png,Argentina
571393d8,Alashkert FC,https://cdn.ssref.net/req/202603120/tlogo/fb/571393d8.png,Armenia
e6232d10,Alashkert FC,https://cdn.ssref.net/req/202603120/tlogo/fb/e6232d10.png,Armenia
a9a5c325,FC Ararat Yerevan,https://cdn.ssref.net/req/202603120/tlogo/fb/a9a5c325.png,Armenia
85dbecd4,FC Ararat-Armenia,https://cdn.ssref.net/req/202603120/tlogo/fb/85dbecd4.png,Armenia
9558d297,FC Mika,https://cdn.ssref.net/req/202603120/tlogo/fb/9558d297.png,Armenia
f2067074,FC Noah,https://cdn.ssref.net/req/202603120/tlogo/fb/f2067074.png,Armenia
03022534,FC Pyunik Yerevan,https://cdn.ssref.net/req/202603120/tlogo/fb/03022534.png,Armenia
8771d9cd,FC Shirak,https://cdn.ssref.net/req/202603120/tlogo/fb/8771d9cd.png,Armenia
f0e1ca42,FC Urartu,https://cdn.ssref.net/req/202603120/tlogo/fb/f0e1ca42.png,Armenia
5f2630fb,Gandzasar Kapan FC,https://cdn.ssref.net/req/202603120/tlogo/fb/5f2630fb.png,Armenia
3bc8afc5,Ulisses FC,https://cdn.ssref.net/req/202603120/tlogo/fb/3bc8afc5.png,Armenia
a4302376,Adelaide United FC,https://cdn.ssref.net/req/202603120/tlogo/fb/a4302376.png,Australia
772ed712,Adelaide United FC,https://cdn.ssref.net/req/202603120/tlogo/fb/772ed712.png,Australia
f60413f7,Brisbane Roar FC,https://cdn.ssref.net/req/202603120/tlogo/fb/f60413f7.png,Australia
3efc42c3,Brisbane Roar FC,https://cdn.ssref.net/req/202603120/tlogo/fb/3efc42c3.png,Australia
a2fa3506,Canberra United FC,https://cdn.ssref.net/req/202603120/tlogo/fb/a2fa3506.png,Australia
debae7df,Central Coast Mariners FC,https://cdn.ssref.net/req/202603120/tlogo/fb/debae7df.png,Australia
605aca82,Central Coast Mariners FC,https://cdn.ssref.net/req/202603120/tlogo/fb/605aca82.png,Australia
d6535aa0,Gold Coast United FC,https://cdn.ssref.net/req/202603120/tlogo/fb/d6535aa0.png,Australia
f951d655,Macarthur FC,https://cdn.ssref.net/req/202603120/tlogo/fb/f951d655.png,Australia
31553c94,Melbourne City FC,https://cdn.ssref.net/req/202603120/tlogo/fb/31553c94.png,Australia
6082332e,Melbourne City FC,https://cdn.ssref.net/req/202603120/tlogo/fb/6082332e.png,Australia
fbcd7d37,Melbourne Victory FC,https://cdn.ssref.net/req/202603120/tlogo/fb/fbcd7d37.png,Australia
4f6d7ee7,Melbourne Victory FC,https://cdn.ssref.net/req/202603120/tlogo/fb/4f6d7ee7.png,Australia
acd7ce24,Newcastle Jets FC,https://cdn.ssref.net/req/202603120/tlogo/fb/acd7ce24.png,Australia
f9e3296b,Newcastle Jets FC,https://cdn.ssref.net/req/202603120/tlogo/fb/f9e3296b.png,Australia
6a9b8ca0,Northern Fury FC,https://cdn.ssref.net/req/202603120/tlogo/fb/6a9b8ca0.png,Australia
bae78cfe,Perth Glory FC,https://cdn.ssref.net/req/202603120/tlogo/fb/bae78cfe.png,Australia
f2b23808,Perth Glory FC,https://cdn.ssref.net/req/202603120/tlogo/fb/f2b23808.png,Australia
5903e501,Sydney FC,https://cdn.ssref.net/req/202603120/tlogo/fb/5903e501.png,Australia
2466c132,Sydney FC,https://cdn.ssref.net/req/202603120/tlogo/fb/2466c132.png,Australia
38e60d08,Western Sydney Wanderers FC,https://cdn.ssref.net/req/202603120/tlogo/fb/38e60d08.png,Australia
25b31403,Western Sydney Wanderers FC,https://cdn.ssref.net/req/202603120/tlogo/fb/25b31403.png,Australia
af4ccd77,Western United FC,https://cdn.ssref.net/req/202603120/tlogo/fb/af4ccd77.png,Australia
0a911f26,Western United FC,https://cdn.ssref.net/req/202603120/tlogo/fb/0a911f26.png,Australia
d7d06475,FC Admira Wacker Mödling,https://cdn.ssref.net/req/202603120/tlogo/fb/d7d06475.png,Austria
117f88e3,FC Bergheim,https://cdn.ssref.net/req/202603120/tlogo/fb/117f88e3.png,Austria
924cd17a,FC Blau-Weiß Linz,https://cdn.ssref.net/req/202603120/tlogo/fb/924cd17a.png,Austria
b60eaba0,FC Juniors OÖ,https://cdn.ssref.net/req/202603120/tlogo/fb/b60eaba0.png,Austria
50f2a074,FC Red Bull Salzburg,https://cdn.ssref.net/req/202603120/tlogo/fb/50f2a074.png,Austria
0297a9c8,FC Südburgenland,https://cdn.ssref.net/req/202603120/tlogo/fb/0297a9c8.png,Austria
043cbd39,FC Wacker Innsbruck,https://cdn.ssref.net/req/202603120/tlogo/fb/043cbd39.png,Austria
f2370380,FC Wacker Innsbruck,https://cdn.ssref.net/req/202603120/tlogo/fb/f2370380.png,Austria
828e25c7,FFC Vorderland,https://cdn.ssref.net/req/202603120/tlogo/fb/828e25c7.png,Austria
ee0bccc5,FK Austria Wien,https://cdn.ssref.net/req/202603120/tlogo/fb/ee0bccc5.png,Austria
5750fe3b,Grazer AK,https://cdn.ssref.net/req/202603120/tlogo/fb/5750fe3b.png,Austria
7a131f8c,Kapfenberger SV,https://cdn.ssref.net/req/202603120/tlogo/fb/7a131f8c.png,Austria
d20821dd,LASK,https://cdn.ssref.net/req/202603120/tlogo/fb/d20821dd.png,Austria
80beba99,SC Rheindorf Altach,https://cdn.ssref.net/req/202603120/tlogo/fb/80beba99.png,Austria
b35fb70b,SC Wiener Neustadt,https://cdn.ssref.net/req/202603120/tlogo/fb/b35fb70b.png,Austria
7030fffd,SK Austria Klagenfurt,https://cdn.ssref.net/req/202603120/tlogo/fb/7030fffd.png,Austria
912e4c40,SK Rapid Wien,https://cdn.ssref.net/req/202603120/tlogo/fb/912e4c40.png,Austria
3f4fe568,SK Sturm Graz,https://cdn.ssref.net/req/202603120/tlogo/fb/3f4fe568.png,Austria
07787bf7,SK Sturm Graz,https://cdn.ssref.net/req/202603120/tlogo/fb/07787bf7.png,Austria
f722bd04,SKN St. Pölten,https://cdn.ssref.net/req/202603120/tlogo/fb/f722bd04.png,Austria
3d377a8c,SKN St. Pölten Frauen,https://cdn.ssref.net/req/202603120/tlogo/fb/3d377a8c.png,Austria
15cda631,SKV Altenmarkt,https://cdn.ssref.net/req/202603120/tlogo/fb/15cda631.png,Austria
b8076337,SPG FC Lustenau/FC Dornbirn Ladies,https://cdn.ssref.net/req/202603120/tlogo/fb/b8076337.png,Austria
f59ec0ea,SPG Union Kleinmünchen/Blau-Weiß Linz,https://cdn.ssref.net/req/202603120/tlogo/fb/f59ec0ea.png,Austria
d40080b0,SV Grödig,https://cdn.ssref.net/req/202603120/tlogo/fb/d40080b0.png,Austria
b43d1132,SC Austria Lustenau,https://cdn.ssref.net/req/202603120/tlogo/fb/b43d1132.png,Austria
e6bf4a65,SV Horn,https://cdn.ssref.net/req/202603120/tlogo/fb/e6bf4a65.png,Austria
2ff6d16e,SV Mattersburg,https://cdn.ssref.net/req/202603120/tlogo/fb/2ff6d16e.png,Austria
e21816f2,SV Neulengbach,https://cdn.ssref.net/req/202603120/tlogo/fb/e21816f2.png,Austria
8bb8811f,SV Ried,https://cdn.ssref.net/req/202603120/tlogo/fb/8bb8811f.png,Austria
f6d9c820,TSV Hartberg,https://cdn.ssref.net/req/202603120/tlogo/fb/f6d9c820.png,Austria
60942bd8,USC Landhaus Wien,https://cdn.ssref.net/req/202603120/tlogo/fb/60942bd8.png,Austria
426658a6,Wolfsberger AC,https://cdn.ssref.net/req/202603120/tlogo/fb/426658a6.png,Austria
c63dd2d5,WSG Swarovski Tirol,https://cdn.ssref.net/req/202603120/tlogo/fb/c63dd2d5.png,Austria
97850d61,Araz-Naxçıvan PFK,https://cdn.ssref.net/req/202603120/tlogo/fb/97850d61.png,Azerbaijan
c0423451,Bakı Futbol Klubu,https://cdn.ssref.net/req/202603120/tlogo/fb/c0423451.png,Azerbaijan
820a1312,Kapaz PFK,https://cdn.ssref.net/req/202603120/tlogo/fb/820a1312.png,Azerbaijan
22cb7bb8,Karvan FK,https://cdn.ssref.net/req/202603120/tlogo/fb/22cb7bb8.png,Azerbaijan
63866313,Keşla FK,https://cdn.ssref.net/req/202603120/tlogo/fb/63866313.png,Azerbaijan
4b7f89f9,Khazar Lankaran FK,https://cdn.ssref.net/req/202603120/tlogo/fb/4b7f89f9.png,Azerbaijan
e4b662ed,Mil-Muğan FK,https://cdn.ssref.net/req/202603120/tlogo/fb/e4b662ed.png,Azerbaijan
d0ab5e26,Neftçi PFK,https://cdn.ssref.net/req/202603120/tlogo/fb/d0ab5e26.png,Azerbaijan
a1962466,Qabala FK,https://cdn.ssref.net/req/202603120/tlogo/fb/a1962466.png,Azerbaijan
44b65410,Qarabağ FK,https://cdn.ssref.net/req/202603120/tlogo/fb/44b65410.png,Azerbaijan
a86b0368,Sabah FK,https://cdn.ssref.net/req/202603120/tlogo/fb/a86b0368.png,Azerbaijan
26930470,Shamkir FK,https://cdn.ssref.net/req/202603120/tlogo/fb/26930470.png,Azerbaijan
15338911,Shuvalan FK,https://cdn.ssref.net/req/202603120/tlogo/fb/15338911.png,Azerbaijan
32edda4c,Simurq PIK,https://cdn.ssref.net/req/202603120/tlogo/fb/32edda4c.png,Azerbaijan
bb4fb2bf,Sumgayit FK,https://cdn.ssref.net/req/202603120/tlogo/fb/bb4fb2bf.png,Azerbaijan
6642b67e,Səbail FK,https://cdn.ssref.net/req/202603120/tlogo/fb/6642b67e.png,Azerbaijan
661746d6,Turan IK,https://cdn.ssref.net/req/202603120/tlogo/fb/661746d6.png,Azerbaijan
ffb7956e,Zira FK,https://cdn.ssref.net/req/202603120/tlogo/fb/ffb7956e.png,Azerbaijan
b983b638,FC BATE Borisov,https://cdn.ssref.net/req/202603120/tlogo/fb/b983b638.png,Belarus
8fb09347,FC Belshina Bobruisk,https://cdn.ssref.net/req/202603120/tlogo/fb/8fb09347.png,Belarus
31742d51,FC Dinamo Brest,https://cdn.ssref.net/req/202603120/tlogo/fb/31742d51.png,Belarus
e2a78c9d,FC Dinamo Minsk,https://cdn.ssref.net/req/202603120/tlogo/fb/e2a78c9d.png,Belarus
422ecddc,FC Dnepr Mogilev,https://cdn.ssref.net/req/202603120/tlogo/fb/422ecddc.png,Belarus
23afe41d,FC Gomel,https://cdn.ssref.net/req/202603120/tlogo/fb/23afe41d.png,Belarus
e6f85a4f,FC Isloch Minsk Raion,https://cdn.ssref.net/req/202603120/tlogo/fb/e6f85a4f.png,Belarus
429af459,FC Minsk,https://cdn.ssref.net/req/202603120/tlogo/fb/429af459.png,Belarus
768fae36,FC Minsk,https://cdn.ssref.net/req/202603120/tlogo/fb/768fae36.png,Belarus
eac13497,FC Naftan Novopolotsk,https://cdn.ssref.net/req/202603120/tlogo/fb/eac13497.png,Belarus
28e7926c,FC Neman Grodno,https://cdn.ssref.net/req/202603120/tlogo/fb/28e7926c.png,Belarus
7517d495,FC Shakhtyor Soligorsk,https://cdn.ssref.net/req/202603120/tlogo/fb/7517d495.png,Belarus
99b9bc88,FC Slavia-Mozyr,https://cdn.ssref.net/req/202603120/tlogo/fb/99b9bc88.png,Belarus
f7e8060a,FC Torpedo-BelAZ Zhodino,https://cdn.ssref.net/req/202603120/tlogo/fb/f7e8060a.png,Belarus
3f2bd811,FK Vitebsk,https://cdn.ssref.net/req/202603120/tlogo/fb/3f2bd811.png,Belarus
a2dc07ac,AFC Tubize,https://cdn.ssref.net/req/202603120/tlogo/fb/a2dc07ac.png,Belgium
d0420e9c,AS Verbroedering Geel,https://cdn.ssref.net/req/202603120/tlogo/fb/d0420e9c.png,Belgium
e8d2adc4,Cercle Brugge KSV,https://cdn.ssref.net/req/202603120/tlogo/fb/e8d2adc4.png,Belgium
07664737,Club Brugge KV,https://cdn.ssref.net/req/202603120/tlogo/fb/07664737.png,Belgium
f1e6c5f1,Club Brugge KV,https://cdn.ssref.net/req/202603120/tlogo/fb/f1e6c5f1.png,Belgium
ad590ea7,Club NXT,https://cdn.ssref.net/req/202603120/tlogo/fb/ad590ea7.png,Belgium
eac05419,DVL Zonhoven,https://cdn.ssref.net/req/202603120/tlogo/fb/eac05419.png,Belgium
f780fd06,Excel Mouscron,https://cdn.ssref.net/req/202603120/tlogo/fb/f780fd06.png,Belgium
a697eb08,FC Fémina White Star Woluwé,https://cdn.ssref.net/req/202603120/tlogo/fb/a697eb08.png,Belgium
868afa3f,FCV Dender EH,https://cdn.ssref.net/req/202603120/tlogo/fb/868afa3f.png,Belgium
c2531814,Francs Borains,https://cdn.ssref.net/req/202603120/tlogo/fb/c2531814.png,Belgium
e806fd60,Jong Genk,https://cdn.ssref.net/req/202603120/tlogo/fb/e806fd60.png,Belgium
9a70cd9d,Jong KAA Gent,https://cdn.ssref.net/req/202603120/tlogo/fb/9a70cd9d.png,Belgium
a5d696cc,K. Beringen-Heusden-Zolder,https://cdn.ssref.net/req/202603120/tlogo/fb/a5d696cc.png,Belgium
51e5a603,KAA Gent,https://cdn.ssref.net/req/202603120/tlogo/fb/51e5a603.png,Belgium
5cc94039,KAA La Gantoise,https://cdn.ssref.net/req/202603120/tlogo/fb/5cc94039.png,Belgium
5809ddc3,KAS Eupen,https://cdn.ssref.net/req/202603120/tlogo/fb/5809ddc3.png,Belgium
6b44e810,KFC Dessel Sport,https://cdn.ssref.net/req/202603120/tlogo/fb/6b44e810.png,Belgium
2e636529,KFC Vigor Wuitens Hamme,https://cdn.ssref.net/req/202603120/tlogo/fb/2e636529.png,Belgium
c16e44ce,KFCO Beerschot Wilrijk,https://cdn.ssref.net/req/202603120/tlogo/fb/c16e44ce.png,Belgium
d6611ea0,KMSK Deinze,https://cdn.ssref.net/req/202603120/tlogo/fb/d6611ea0.png,Belgium
1e972a99,KRC Genk,https://cdn.ssref.net/req/202603120/tlogo/fb/1e972a99.png,Belgium
32e7457c,KRC Mechelen,https://cdn.ssref.net/req/202603120/tlogo/fb/32e7457c.png,Belgium
ce6f0cf4,KSC Lokeren-Temse,https://cdn.ssref.net/req/202603120/tlogo/fb/ce6f0cf4.png,Belgium
c4989af9,KSK Heist,https://cdn.ssref.net/req/202603120/tlogo/fb/c4989af9.png,Belgium
ec36fcb9,KSV Roeselare,https://cdn.ssref.net/req/202603120/tlogo/fb/ec36fcb9.png,Belgium
77193015,KV Kortrijk,https://cdn.ssref.net/req/202603120/tlogo/fb/77193015.png,Belgium
09f00144,KV Mechelen,https://cdn.ssref.net/req/202603120/tlogo/fb/09f00144.png,Belgium
a172ed0a,KV Mechelen,https://cdn.ssref.net/req/202603120/tlogo/fb/a172ed0a.png,Belgium
95b895fe,KV Oostende,https://cdn.ssref.net/req/202603120/tlogo/fb/95b895fe.png,Belgium
8f9fe239,KV Woluwe-Zaventem,https://cdn.ssref.net/req/202603120/tlogo/fb/8f9fe239.png,Belgium
57b6cfb8,KVC Westerlo,https://cdn.ssref.net/req/202603120/tlogo/fb/57b6cfb8.png,Belgium
7353c34d,KVV Coxyde,https://cdn.ssref.net/req/202603120/tlogo/fb/7353c34d.png,Belgium
97c66f8c,Lierse Kempenzonen,https://cdn.ssref.net/req/202603120/tlogo/fb/97c66f8c.png,Belgium
9ea31445,Lierse SK,https://cdn.ssref.net/req/202603120/tlogo/fb/9ea31445.png,Belgium
6f98eba9,Lommel SK,https://cdn.ssref.net/req/202603120/tlogo/fb/6f98eba9.png,Belgium
27e981a3,OH Leuven,https://cdn.ssref.net/req/202603120/tlogo/fb/27e981a3.png,Belgium
696ced1d,Oud-Heverlee Leuven,https://cdn.ssref.net/req/202603120/tlogo/fb/696ced1d.png,Belgium
140e320a,R. Charleroi SC,https://cdn.ssref.net/req/202603120/tlogo/fb/140e320a.png,Belgium
89e806ff,R.F.C. Seraing,https://cdn.ssref.net/req/202603120/tlogo/fb/89e806ff.png,Belgium
11474078,RAA Louviéroise,https://cdn.ssref.net/req/202603120/tlogo/fb/11474078.png,Belgium
5894f11f,RAEC Mons,https://cdn.ssref.net/req/202603120/tlogo/fb/5894f11f.png,Belgium
3ae1e75f,RE Virton,https://cdn.ssref.net/req/202603120/tlogo/fb/3ae1e75f.png,Belgium
b302c01b,RFC Liège,https://cdn.ssref.net/req/202603120/tlogo/fb/b302c01b.png,Belgium
c2e6b53b,Royal Antwerp FC,https://cdn.ssref.net/req/202603120/tlogo/fb/c2e6b53b.png,Belgium
f1182db6,Royal Olympic Club Charleroi,https://cdn.ssref.net/req/202603120/tlogo/fb/f1182db6.png,Belgium
8eadc84f,Royal Standard de Liège U23,https://cdn.ssref.net/req/202603120/tlogo/fb/8eadc84f.png,Belgium
e14f61a5,Royale Union SG,https://cdn.ssref.net/req/202603120/tlogo/fb/e14f61a5.png,Belgium
08ad393c,RSC Anderlecht,https://cdn.ssref.net/req/202603120/tlogo/fb/08ad393c.png,Belgium
231a3620,RSC Anderlecht,https://cdn.ssref.net/req/202603120/tlogo/fb/231a3620.png,Belgium
19c8caf5,RSCA Futures,https://cdn.ssref.net/req/202603120/tlogo/fb/19c8caf5.png,Belgium
e423ea45,RWD Molenbeek,https://cdn.ssref.net/req/202603120/tlogo/fb/e423ea45.png,Belgium
8af03614,RWS Bruxelles,https://cdn.ssref.net/req/202603120/tlogo/fb/8af03614.png,Belgium
b04d7956,SC Eendracht Aalst,https://cdn.ssref.net/req/202603120/tlogo/fb/b04d7956.png,Belgium
80328a1e,Sint-Truidense V.V.,https://cdn.ssref.net/req/202603120/tlogo/fb/80328a1e.png,Belgium
0217e4d8,SK Beveren,https://cdn.ssref.net/req/202603120/tlogo/fb/0217e4d8.png,Belgium
3a282a27,Sporting du Pays de Charleroi,https://cdn.ssref.net/req/202603120/tlogo/fb/3a282a27.png,Belgium
bada91db,Sporting Lokeren,https://cdn.ssref.net/req/202603120/tlogo/fb/bada91db.png,Belgium
261c5544,Standard Fémina de Liège,https://cdn.ssref.net/req/202603120/tlogo/fb/261c5544.png,Belgium
33c6b26e,Standard Liège,https://cdn.ssref.net/req/202603120/tlogo/fb/33c6b26e.png,Belgium
ecd34b98,SV Zulte Waregem,https://cdn.ssref.net/req/202603120/tlogo/fb/ecd34b98.png,Belgium
33f08abd,VC Dames Eendracht Aalst,https://cdn.ssref.net/req/202603120/tlogo/fb/33f08abd.png,Belgium
2b2a9bca,Academia de Balompié Boliviano,https://cdn.ssref.net/req/202603120/tlogo/fb/2b2a9bca.png,Bolivia
5a3d39ba,Avilés Industrial FC,https://cdn.ssref.net/req/202603120/tlogo/fb/5a3d39ba.png,Bolivia
97f250bf,CA Ciclón,https://cdn.ssref.net/req/202603120/tlogo/fb/97f250bf.png,Bolivia
ad63267c,CA Nacional Potosí,https://cdn.ssref.net/req/202603120/tlogo/fb/ad63267c.png,Bolivia
92adb2d6,CD Guabirá,https://cdn.ssref.net/req/202603120/tlogo/fb/92adb2d6.png,Bolivia
a58173b2,CD Jorge Wilstermann,https://cdn.ssref.net/req/202603120/tlogo/fb/a58173b2.png,Bolivia
bdc20e84,CD Oriente Petrolero,https://cdn.ssref.net/req/202603120/tlogo/fb/bdc20e84.png,Bolivia
e0bd5e35,CD Real Tomayapo,https://cdn.ssref.net/req/202603120/tlogo/fb/e0bd5e35.png,Bolivia
ab2292ee,CD Universitario del Beni,https://cdn.ssref.net/req/202603120/tlogo/fb/ab2292ee.png,Bolivia
cbe01cc0,CD Universitario San Francisco Xavier,https://cdn.ssref.net/req/202603120/tlogo/fb/cbe01cc0.png,Bolivia
2b8f0833,CDT Real Oruro,https://cdn.ssref.net/req/202603120/tlogo/fb/2b8f0833.png,Bolivia
8d727f54,Club Always Ready,https://cdn.ssref.net/req/202603120/tlogo/fb/8d727f54.png,Bolivia
1492ae0a,Club Atlético Palmaflor,https://cdn.ssref.net/req/202603120/tlogo/fb/1492ae0a.png,Bolivia
c0dcc2ac,Club Aurora,https://cdn.ssref.net/req/202603120/tlogo/fb/c0dcc2ac.png,Bolivia
40d8842e,Club Blooming,https://cdn.ssref.net/req/202603120/tlogo/fb/40d8842e.png,Bolivia
e69cb5b6,Club Bolívar,https://cdn.ssref.net/req/202603120/tlogo/fb/e69cb5b6.png,Bolivia
a7941f55,Club Destroyers,https://cdn.ssref.net/req/202603120/tlogo/fb/a7941f55.png,Bolivia
8211ee59,Club Independiente Petrolero,https://cdn.ssref.net/req/202603120/tlogo/fb/8211ee59.png,Bolivia
eeb2c538,Club Petrolero,https://cdn.ssref.net/req/202603120/tlogo/fb/eeb2c538.png,Bolivia
48ac1e43,Club Real Potosí,https://cdn.ssref.net/req/202603120/tlogo/fb/48ac1e43.png,Bolivia
4073db4f,Club San José,https://cdn.ssref.net/req/202603120/tlogo/fb/4073db4f.png,Bolivia
93057a66,Club Sport Boys Warnes,https://cdn.ssref.net/req/202603120/tlogo/fb/93057a66.png,Bolivia
6dcc14bf,Club The Strongest,https://cdn.ssref.net/req/202603120/tlogo/fb/6dcc14bf.png,Bolivia
e6d0848a,Club Universitario de Pando,https://cdn.ssref.net/req/202603120/tlogo/fb/e6d0848a.png,Bolivia
b7fdcc14,Club Vaca Díez,https://cdn.ssref.net/req/202603120/tlogo/fb/b7fdcc14.png,Bolivia
309ef279,FC Universitario,https://cdn.ssref.net/req/202603120/tlogo/fb/309ef279.png,Bolivia
1e567884,GV San José,https://cdn.ssref.net/req/202603120/tlogo/fb/1e567884.png,Bolivia
97d3317f,Libertad Gran Mamoré FC,https://cdn.ssref.net/req/202603120/tlogo/fb/97d3317f.png,Bolivia
f9667ebb,Real Santa Cruz,https://cdn.ssref.net/req/202603120/tlogo/fb/f9667ebb.png,Bolivia
ee5932d2,Royal Parí FC,https://cdn.ssref.net/req/202603120/tlogo/fb/ee5932d2.png,Bolivia
a2ff197a,San Antonio Bulo Bulo,https://cdn.ssref.net/req/202603120/tlogo/fb/a2ff197a.png,Bolivia
c3ca97e7,FK Borac Banja Luka,https://cdn.ssref.net/req/202603120/tlogo/fb/c3ca97e7.png,Bosnia and Herzegovina
6128d721,FK Budućnost Banovići,https://cdn.ssref.net/req/202603120/tlogo/fb/6128d721.png,Bosnia and Herzegovina
04893ec9,FK Leotar,https://cdn.ssref.net/req/202603120/tlogo/fb/04893ec9.png,Bosnia and Herzegovina
