ClubID,ClubName,Country,GoverningBody,URL
d8deaf72,Vllaznia Shkodër (F),Albania,UEFA,https://fbref.com/en/squads/d8deaf72/history/Vllaznia-Shkoder-Women-Stats-and-History
df526548,KF Skënderbeu Korçë (M),Albania,UEFA,https://fbref.com/en/squads/df526548/history/KF-Skenderbeu-Korce-Stats-and-History
83310fa5,KF Tirana (M),Albania,UEFA,https://fbref.com/en/squads/83310fa5/history/KF-Tirana-Stats-and-History
f1e85b1e,Kukësi (M),Albania,UEFA,https://fbref.com/en/squads/f1e85b1e/history/Kukesi-Stats-and-History
e3a68c8b,Vllaznia Shkodër (M),Albania,UEFA,https://fbref.com/en/squads/e3a68c8b/history/Vllaznia-Shkoder-Stats-and-History
3d81ccdb,Flamurtari Vlorë (M),Albania,UEFA,https://fbref.com/en/squads/3d81ccdb/history/Flamurtari-Vlore-Stats-and-History
9549dc95,Santa Coloma (M),Andorra,UEFA,https://fbref.com/en/squads/9549dc95/history/Santa-Coloma-Stats-and-History
fb45dbb9,Inter d'Escaldes (M),Andorra,UEFA,https://fbref.com/en/squads/fb45dbb9/history/Inter-dEscaldes-Stats-and-History
78816dd0,UE Sant Julià (M),Andorra,UEFA,https://fbref.com/en/squads/78816dd0/history/UE-Sant-Julia-Stats-and-History
b784c866,Engordany (M),Andorra,UEFA,https://fbref.com/en/squads/b784c866/history/Engordany-Stats-and-History
84a33cca,Santa Coloma (M),Andorra,UEFA,https://fbref.com/en/squads/84a33cca/history/Santa-Coloma-Stats-and-History
857b60c3,FC Lusitanos (M),Andorra,UEFA,https://fbref.com/en/squads/857b60c3/history/FC-Lusitanos-Stats-and-History
19d27917,Antigua Barracuda (M),Antigua and Barbuda,CONCACAF,https://fbref.com/en/squads/19d27917/history/Antigua-Barracuda-Stats-and-History
ef99c78c,River Plate (M),Argentina,CONMEBOL,https://fbref.com/en/squads/ef99c78c/history/River-Plate-Stats-and-History
795ca75e,Boca Juniors (M),Argentina,CONMEBOL,https://fbref.com/en/squads/795ca75e/history/Boca-Juniors-Stats-and-History
8e20e13d,Racing Club (M),Argentina,CONMEBOL,https://fbref.com/en/squads/8e20e13d/history/Racing-Club-Stats-and-History
66da6009,San Lorenzo (M),Argentina,CONMEBOL,https://fbref.com/en/squads/66da6009/history/San-Lorenzo-Stats-and-History
df734df9,Estudiantes La Plata (M),Argentina,CONMEBOL,https://fbref.com/en/squads/df734df9/history/Estudiantes-La-Plata-Stats-and-History
11b6dba8,Lanús (M),Argentina,CONMEBOL,https://fbref.com/en/squads/11b6dba8/history/Lanus-Stats-and-History
03022534,Pyunik (M),Armenia,UEFA,https://fbref.com/en/squads/03022534/history/Pyunik-Stats-and-History
e6232d10,Alashkert (M),Armenia,UEFA,https://fbref.com/en/squads/e6232d10/history/Alashkert-Stats-and-History
8771d9cd,FC Shirak (M),Armenia,UEFA,https://fbref.com/en/squads/8771d9cd/history/FC-Shirak-Stats-and-History
f0e1ca42,Urartu (M),Armenia,UEFA,https://fbref.com/en/squads/f0e1ca42/history/Urartu-Stats-and-History
85dbecd4,Ararat-Armenia (M),Armenia,UEFA,https://fbref.com/en/squads/85dbecd4/history/Ararat-Armenia-Stats-and-History
9558d297,FC Mika (M),Armenia,UEFA,https://fbref.com/en/squads/9558d297/history/FC-Mika-Stats-and-History
2466c132,Sydney FC (M),Australia,AFC,https://fbref.com/en/squads/2466c132/history/Sydney-FC-Stats-and-History
fbcd7d37,Melbourne Victory (M),Australia,AFC,https://fbref.com/en/squads/fbcd7d37/history/Melbourne-Victory-Stats-and-History
a4302376,Adelaide United (M),Australia,AFC,https://fbref.com/en/squads/a4302376/history/Adelaide-United-Stats-and-History
3efc42c3,Brisbane Roar (M),Australia,AFC,https://fbref.com/en/squads/3efc42c3/history/Brisbane-Roar-Stats-and-History
605aca82,Central Coast Mariners (M),Australia,AFC,https://fbref.com/en/squads/605aca82/history/Central-Coast-Mariners-Stats-and-History
f2b23808,Perth Glory (M),Australia,AFC,https://fbref.com/en/squads/f2b23808/history/Perth-Glory-Stats-and-History
50f2a074,Red Bull Salzburg (M),Austria,UEFA,https://fbref.com/en/squads/50f2a074/history/Red-Bull-Salzburg-Stats-and-History
912e4c40,Rapid Wien (M),Austria,UEFA,https://fbref.com/en/squads/912e4c40/history/Rapid-Wien-Stats-and-History
ee0bccc5,Austria Wien (M),Austria,UEFA,https://fbref.com/en/squads/ee0bccc5/history/Austria-Wien-Stats-and-History
3f4fe568,Sturm Graz (M),Austria,UEFA,https://fbref.com/en/squads/3f4fe568/history/Sturm-Graz-Stats-and-History
d20821dd,LASK (M),Austria,UEFA,https://fbref.com/en/squads/d20821dd/history/LASK-Stats-and-History
8bb8811f,Ried (M),Austria,UEFA,https://fbref.com/en/squads/8bb8811f/history/Ried-Stats-and-History
44b65410,Qarabağ (M),Azerbaijan,UEFA,https://fbref.com/en/squads/44b65410/history/Qarabag-Stats-and-History
d0ab5e26,Neftçi (M),Azerbaijan,UEFA,https://fbref.com/en/squads/d0ab5e26/history/Neftci-Stats-and-History
63866313,Keşla (M),Azerbaijan,UEFA,https://fbref.com/en/squads/63866313/history/Kesla-Stats-and-History
a1962466,Qabala (M),Azerbaijan,UEFA,https://fbref.com/en/squads/a1962466/history/Qabala-Stats-and-History
c0423451,FC Baku (M),Azerbaijan,UEFA,https://fbref.com/en/squads/c0423451/history/FC-Baku-Stats-and-History
4b7f89f9,Khazar Lankaran FK (M),Azerbaijan,UEFA,https://fbref.com/en/squads/4b7f89f9/history/Khazar-Lankaran-FK-Stats-and-History
b983b638,BATE Borisov (M),Belarus,UEFA,https://fbref.com/en/squads/b983b638/history/BATE-Borisov-Stats-and-History
e2a78c9d,Dinamo Minsk (M),Belarus,UEFA,https://fbref.com/en/squads/e2a78c9d/history/Dinamo-Minsk-Stats-and-History
768fae36,FC Minsk (F),Belarus,UEFA,https://fbref.com/en/squads/768fae36/history/FC-Minsk-Women-Stats-and-History
7517d495,Shakhtyor Soligorsk (M),Belarus,UEFA,https://fbref.com/en/squads/7517d495/history/Shakhtyor-Soligorsk-Stats-and-History
3997bac6,Dynamo Minsk (F),Belarus,UEFA,https://fbref.com/en/squads/3997bac6/history/Dynamo-Minsk-Stats-and-History
23afe41d,FC Gomel (M),Belarus,UEFA,https://fbref.com/en/squads/23afe41d/history/FC-Gomel-Stats-and-History
f1e6c5f1,Club Brugge (M),Belgium,UEFA,https://fbref.com/en/squads/f1e6c5f1/history/Club-Brugge-Stats-and-History
08ad393c,Anderlecht (M),Belgium,UEFA,https://fbref.com/en/squads/08ad393c/history/Anderlecht-Stats-and-History
1e972a99,Genk (M),Belgium,UEFA,https://fbref.com/en/squads/1e972a99/history/Genk-Stats-and-History
51e5a603,Gent (M),Belgium,UEFA,https://fbref.com/en/squads/51e5a603/history/Gent-Stats-and-History
33c6b26e,Standard Liège (M),Belgium,UEFA,https://fbref.com/en/squads/33c6b26e/history/Standard-Liege-Stats-and-History
140e320a,Charleroi (M),Belgium,UEFA,https://fbref.com/en/squads/140e320a/history/Charleroi-Stats-and-History
e69cb5b6,Bolívar (M),Bolivia,CONMEBOL,https://fbref.com/en/squads/e69cb5b6/history/Bolivar-Stats-and-History
6dcc14bf,The Strongest (M),Bolivia,CONMEBOL,https://fbref.com/en/squads/6dcc14bf/history/The-Strongest-Stats-and-History
a58173b2,Jorge Wilstermann (M),Bolivia,CONMEBOL,https://fbref.com/en/squads/a58173b2/history/Jorge-Wilstermann-Stats-and-History
bdc20e84,Oriente Petrolero (M),Bolivia,CONMEBOL,https://fbref.com/en/squads/bdc20e84/history/Oriente-Petrolero-Stats-and-History
ad63267c,Nacional Potosí (M),Bolivia,CONMEBOL,https://fbref.com/en/squads/ad63267c/history/Nacional-Potosi-Stats-and-History
40d8842e,Blooming (M),Bolivia,CONMEBOL,https://fbref.com/en/squads/40d8842e/history/Blooming-Stats-and-History
814f26cd,SFK 2000 (F),Bosnia and Herzegovina,UEFA,https://fbref.com/en/squads/814f26cd/history/SFK-2000-Stats-and-History
2a6cfcb2,Zrinjski Mostar (M),Bosnia and Herzegovina,UEFA,https://fbref.com/en/squads/2a6cfcb2/history/Zrinjski-Mostar-Stats-and-History
584d189a,Široki Brijeg (M),Bosnia and Herzegovina,UEFA,https://fbref.com/en/squads/584d189a/history/Siroki-Brijeg-Stats-and-History
ee945014,Željezničar Sarajevo (M),Bosnia and Herzegovina,UEFA,https://fbref.com/en/squads/ee945014/history/Zeljeznicar-Sarajevo-Stats-and-History
fac9957a,Sarajevo (M),Bosnia and Herzegovina,UEFA,https://fbref.com/en/squads/fac9957a/history/Sarajevo-Stats-and-History
c3ca97e7,Borac Banja Luka (M),Bosnia and Herzegovina,UEFA,https://fbref.com/en/squads/c3ca97e7/history/Borac-Banja-Luka-Stats-and-History
abdce579,Palmeiras (M),Brazil,CONMEBOL,https://fbref.com/en/squads/abdce579/history/Palmeiras-Stats-and-History
639950ae,Flamengo (M),Brazil,CONMEBOL,https://fbref.com/en/squads/639950ae/history/Flamengo-Stats-and-History
422bb734,Atlético Mineiro (M),Brazil,CONMEBOL,https://fbref.com/en/squads/422bb734/history/Atletico-Mineiro-Stats-and-History
5f232eb1,São Paulo (M),Brazil,CONMEBOL,https://fbref.com/en/squads/5f232eb1/history/Sao-Paulo-Stats-and-History
d5ae3703,Grêmio (M),Brazil,CONMEBOL,https://fbref.com/en/squads/d5ae3703/history/Gremio-Stats-and-History
bf4acd28,Corinthians (M),Brazil,CONMEBOL,https://fbref.com/en/squads/bf4acd28/history/Corinthians-Stats-and-History
488c6ba1,Ludogorets Razgrad (M),Bulgaria,UEFA,https://fbref.com/en/squads/488c6ba1/history/Ludogorets-Razgrad-Stats-and-History
cbde2682,CSKA Sofia (M),Bulgaria,UEFA,https://fbref.com/en/squads/cbde2682/history/CSKA-Sofia-Stats-and-History
3a7a27c6,Levski Sofia (M),Bulgaria,UEFA,https://fbref.com/en/squads/3a7a27c6/history/Levski-Sofia-Stats-and-History
f61e60c9,Cherno More (M),Bulgaria,UEFA,https://fbref.com/en/squads/f61e60c9/history/Cherno-More-Stats-and-History
e0242ef1,Lokomotiv Plovdiv (M),Bulgaria,UEFA,https://fbref.com/en/squads/e0242ef1/history/Lokomotiv-Plovdiv-Stats-and-History
ab7b2fe7,Beroe (M),Bulgaria,UEFA,https://fbref.com/en/squads/ab7b2fe7/history/Beroe-Stats-and-History
130f43fa,Toronto FC (M),Canada,CONCACAF,https://fbref.com/en/squads/130f43fa/history/Toronto-FC-Stats-and-History
ab41cb90,Vancouver Whitecaps FC (M),Canada,CONCACAF,https://fbref.com/en/squads/ab41cb90/history/Vancouver-Whitecaps-FC-Stats-and-History
fc22273c,CF Montréal (M),Canada,CONCACAF,https://fbref.com/en/squads/fc22273c/history/CF-Montreal-Stats-and-History
8514c671,Forge FC (M),Canada,CONCACAF,https://fbref.com/en/squads/8514c671/history/Forge-FC-Stats-and-History
b0e76152,Cavalry FC (M),Canada,CONCACAF,https://fbref.com/en/squads/b0e76152/history/Cavalry-FC-Stats-and-History
e084d752,Pacific FC (M),Canada,CONCACAF,https://fbref.com/en/squads/e084d752/history/Pacific-FC-Stats-and-History
2ff539f3,Colo-Colo (M),Chile,CONMEBOL,https://fbref.com/en/squads/2ff539f3/history/Colo-Colo-Stats-and-History
3e3fbf36,Universidad Católica (M),Chile,CONMEBOL,https://fbref.com/en/squads/3e3fbf36/history/Universidad-Catolica-Stats-and-History
d4a88ef6,Universidad de Chile (M),Chile,CONMEBOL,https://fbref.com/en/squads/d4a88ef6/history/Universidad-de-Chile-Stats-and-History
fccf2756,Palestino (M),Chile,CONMEBOL,https://fbref.com/en/squads/fccf2756/history/Palestino-Stats-and-History
5049d576,O'Higgins (M),Chile,CONMEBOL,https://fbref.com/en/squads/5049d576/history/OHiggins-Stats-and-History
def379c5,Unión Española (M),Chile,CONMEBOL,https://fbref.com/en/squads/def379c5/history/Union-Espanola-Stats-and-History
c48512d3,Shanghai Port (M),China PR,AFC,https://fbref.com/en/squads/c48512d3/history/Shanghai-Port-Stats-and-History
d721b332,Shandong Taishan (M),China PR,AFC,https://fbref.com/en/squads/d721b332/history/Shandong-Taishan-Stats-and-History
8ab37ab8,Beijing Guoan (M),China PR,AFC,https://fbref.com/en/squads/8ab37ab8/history/Beijing-Guoan-Stats-and-History
8385b101,Shanghai Shenhua (M),China PR,AFC,https://fbref.com/en/squads/8385b101/history/Shanghai-Shenhua-Stats-and-History
1837b9f6,Guangzhou Evergrande Taobao (M),China PR,AFC,https://fbref.com/en/squads/1837b9f6/history/Guangzhou-Evergrande-Taobao-Stats-and-History
b037fc40,Henan (M),China PR,AFC,https://fbref.com/en/squads/b037fc40/history/Henan-Stats-and-History
e0b973a6,Atlético Nacional (M),Colombia,CONMEBOL,https://fbref.com/en/squads/e0b973a6/history/Atletico-Nacional-Stats-and-History
9c4c0cc1,Deportes Tolima (M),Colombia,CONMEBOL,https://fbref.com/en/squads/9c4c0cc1/history/Deportes-Tolima-Stats-and-History
b281fa3b,Junior (M),Colombia,CONMEBOL,https://fbref.com/en/squads/b281fa3b/history/Junior-Stats-and-History
4c319052,Millonarios (M),Colombia,CONMEBOL,https://fbref.com/en/squads/4c319052/history/Millonarios-Stats-and-History
a7854d10,Santa Fe (M),Colombia,CONMEBOL,https://fbref.com/en/squads/a7854d10/history/Santa-Fe-Stats-and-History
70068101,Independiente Medellín (M),Colombia,CONMEBOL,https://fbref.com/en/squads/70068101/history/Independiente-Medellin-Stats-and-History
d1162407,Herediano (M),Costa Rica,CONCACAF,https://fbref.com/en/squads/d1162407/history/Herediano-Stats-and-History
c5806537,Deportivo Saprissa (M),Costa Rica,CONCACAF,https://fbref.com/en/squads/c5806537/history/Deportivo-Saprissa-Stats-and-History
b93b7301,Alajuelense (M),Costa Rica,CONCACAF,https://fbref.com/en/squads/b93b7301/history/Alajuelense-Stats-and-History
f58ca862,CS Cartaginés (M),Costa Rica,CONCACAF,https://fbref.com/en/squads/f58ca862/history/CS-Cartagines-Stats-and-History
20822305,Santos de Guápiles (M),Costa Rica,CONCACAF,https://fbref.com/en/squads/20822305/history/Santos-de-Guapiles-Stats-and-History
9fcb490d,San Carlos (M),Costa Rica,CONCACAF,https://fbref.com/en/squads/9fcb490d/history/San-Carlos-Stats-and-History
edd0d381,Dinamo Zagreb (M),Croatia,UEFA,https://fbref.com/en/squads/edd0d381/history/Dinamo-Zagreb-Stats-and-History
6777e16d,Hajduk Split (M),Croatia,UEFA,https://fbref.com/en/squads/6777e16d/history/Hajduk-Split-Stats-and-History
25dbe099,Rijeka (M),Croatia,UEFA,https://fbref.com/en/squads/25dbe099/history/Rijeka-Stats-and-History
57d14db5,Osijek (M),Croatia,UEFA,https://fbref.com/en/squads/57d14db5/history/Osijek-Stats-and-History
7a798c4b,Slaven Belupo (M),Croatia,UEFA,https://fbref.com/en/squads/7a798c4b/history/Slaven-Belupo-Stats-and-History
ea115eb3,Lokomotiva (M),Croatia,UEFA,https://fbref.com/en/squads/ea115eb3/history/Lokomotiva-Stats-and-History
eab315a6,APOEL FC (M),Cyprus,UEFA,https://fbref.com/en/squads/eab315a6/history/APOEL-FC-Stats-and-History
d27fe90c,Anorthosis (M),Cyprus,UEFA,https://fbref.com/en/squads/d27fe90c/history/Anorthosis-Stats-and-History
15e031af,AC Omonia (M),Cyprus,UEFA,https://fbref.com/en/squads/15e031af/history/AC-Omonia-Stats-and-History
01689b1a,AEK Larnaca FC (M),Cyprus,UEFA,https://fbref.com/en/squads/01689b1a/history/AEK-Larnaca-FC-Stats-and-History
8dff1828,Apollon Limassol (M),Cyprus,UEFA,https://fbref.com/en/squads/8dff1828/history/Apollon-Limassol-Stats-and-History
092980d3,Apollon Ladies (F),Cyprus,UEFA,https://fbref.com/en/squads/092980d3/history/Apollon-Ladies-Stats-and-History
ecb862be,Sparta Prague (M),Czech Republic,UEFA,https://fbref.com/en/squads/ecb862be/history/Sparta-Prague-Stats-and-History
02cd81bf,Viktoria Plzeň (M),Czech Republic,UEFA,https://fbref.com/en/squads/02cd81bf/history/Viktoria-Plzen-Stats-and-History
111cbfb1,Slavia Prague (M),Czech Republic,UEFA,https://fbref.com/en/squads/111cbfb1/history/Slavia-Prague-Stats-and-History
8424bb18,Jablonec (M),Czech Republic,UEFA,https://fbref.com/en/squads/8424bb18/history/Jablonec-Stats-and-History
2c9bebcd,Slovan Liberec (M),Czech Republic,UEFA,https://fbref.com/en/squads/2c9bebcd/history/Slovan-Liberec-Stats-and-History
70c92f33,Mladá Boleslav (M),Czech Republic,UEFA,https://fbref.com/en/squads/70c92f33/history/Mlada-Boleslav-Stats-and-History
18050b20,FC Copenhagen (M),Denmark,UEFA,https://fbref.com/en/squads/18050b20/history/FC-Copenhagen-Stats-and-History
3c4fb635,Midtjylland (M),Denmark,UEFA,https://fbref.com/en/squads/3c4fb635/history/Midtjylland-Stats-and-History
ab75e049,Brøndby (M),Denmark,UEFA,https://fbref.com/en/squads/ab75e049/history/Brondby-Stats-and-History
1850e3f9,Nordsjælland (M),Denmark,UEFA,https://fbref.com/en/squads/1850e3f9/history/Nordsjaelland-Stats-and-History
3f5150ef,Odense (M),Denmark,UEFA,https://fbref.com/en/squads/3f5150ef/history/Odense-Stats-and-History
7e746554,Aalborg (M),Denmark,UEFA,https://fbref.com/en/squads/7e746554/history/Aalborg-Stats-and-History
a0790e2c,Cibao FC (M),Dominican Republic,CONCACAF,https://fbref.com/en/squads/a0790e2c/history/Cibao-FC-Stats-and-History
3ce725cf,Universidad O&M FC (M),Dominican Republic,CONCACAF,https://fbref.com/en/squads/3ce725cf/history/Universidad-OandM-FC-Stats-and-History
742e96b7,Club Deportivo Pantoja (M),Dominican Republic,CONCACAF,https://fbref.com/en/squads/742e96b7/history/Club-Deportivo-Pantoja-Stats-and-History
9b2ada0a,Moca FC (M),Dominican Republic,CONCACAF,https://fbref.com/en/squads/9b2ada0a/history/Moca-FC-Stats-and-History
990519b8,Independiente del Valle (M),Ecuador,CONMEBOL,https://fbref.com/en/squads/990519b8/history/Independiente-del-Valle-Stats-and-History
1284d3f9,LDU Quito (M),Ecuador,CONMEBOL,https://fbref.com/en/squads/1284d3f9/history/LDU-Quito-Stats-and-History
8c71aef1,Barcelona (M),Ecuador,CONMEBOL,https://fbref.com/en/squads/8c71aef1/history/Barcelona-Stats-and-History
c1f8ae36,Emelec (M),Ecuador,CONMEBOL,https://fbref.com/en/squads/c1f8ae36/history/Emelec-Stats-and-History
01f5194d,Universidad Católica (M),Ecuador,CONMEBOL,https://fbref.com/en/squads/01f5194d/history/Universidad-Catolica-Stats-and-History
99a46175,Deportivo Cuenca (M),Ecuador,CONMEBOL,https://fbref.com/en/squads/99a46175/history/Deportivo-Cuenca-Stats-and-History
79a0cdd6,Al Ahly (M),Egypt,CAF,https://fbref.com/en/squads/79a0cdd6/history/Al-Ahly-Stats-and-History
74480d38,Alianza FC (M),El Salvador,CONCACAF,https://fbref.com/en/squads/74480d38/history/Alianza-FC-Stats-and-History
822bd0ba,Liverpool (M),England,UEFA,https://fbref.com/en/squads/822bd0ba/history/Liverpool-Stats-and-History
18bb7c10,Arsenal (M),England,UEFA,https://fbref.com/en/squads/18bb7c10/history/Arsenal-Stats-and-History
19538871,Manchester United (M),England,UEFA,https://fbref.com/en/squads/19538871/history/Manchester-United-Stats-and-History
cff3d9bb,Chelsea (M),England,UEFA,https://fbref.com/en/squads/cff3d9bb/history/Chelsea-Stats-and-History
d3fd31cc,Everton (M),England,UEFA,https://fbref.com/en/squads/d3fd31cc/history/Everton-Stats-and-History
b8fd03ef,Manchester City (M),England,UEFA,https://fbref.com/en/squads/b8fd03ef/history/Manchester-City-Stats-and-History
112c9642,FC Levadia Tallinn (M),Estonia,UEFA,https://fbref.com/en/squads/112c9642/history/FC-Levadia-Tallinn-Stats-and-History
719d83f1,FC Flora (M),Estonia,UEFA,https://fbref.com/en/squads/719d83f1/history/FC-Flora-Stats-and-History
33afefe1,Nõmme Kalju FC (M),Estonia,UEFA,https://fbref.com/en/squads/33afefe1/history/Nomme-Kalju-FC-Stats-and-History
7b538d76,Pärnu (F),Estonia,UEFA,https://fbref.com/en/squads/7b538d76/history/Parnu-Stats-and-History
aee32dcc,Flora Tallinn (F),Estonia,UEFA,https://fbref.com/en/squads/aee32dcc/history/Flora-Tallinn-Stats-and-History
7bc6abf1,JK Sillamäe Kalev (M),Estonia,UEFA,https://fbref.com/en/squads/7bc6abf1/history/JK-Sillamae-Kalev-Stats-and-History
869753d6,KÍ Klaksvík (M),Faroe Islands,UEFA,https://fbref.com/en/squads/869753d6/history/KI-Klaksvik-Stats-and-History
056a9b27,B36 Tórshavn (M),Faroe Islands,UEFA,https://fbref.com/en/squads/056a9b27/history/B36-Torshavn-Stats-and-History
15c5743b,Havnar Bóltfelag (M),Faroe Islands,UEFA,https://fbref.com/en/squads/15c5743b/history/Havnar-Boltfelag-Stats-and-History
ea73b616,Víkingur Gøta (M),Faroe Islands,UEFA,https://fbref.com/en/squads/ea73b616/history/Vikingur-Gota-Stats-and-History
448e1bb9,NSÍ Runavík (M),Faroe Islands,UEFA,https://fbref.com/en/squads/448e1bb9/history/NSI-Runavik-Stats-and-History
882e0345,EB/Streymur (M),Faroe Islands,UEFA,https://fbref.com/en/squads/882e0345/history/EBStreymur-Stats-and-History
d7319d80,HJK Helsinki (M),Finland,UEFA,https://fbref.com/en/squads/d7319d80/history/HJK-Helsinki-Stats-and-History
e9fa2e8b,Inter Turku (M),Finland,UEFA,https://fbref.com/en/squads/e9fa2e8b/history/Inter-Turku-Stats-and-History
e6f63673,KuPS (M),Finland,UEFA,https://fbref.com/en/squads/e6f63673/history/KuPS-Stats-and-History
5b8cfb05,Lahti (M),Finland,UEFA,https://fbref.com/en/squads/5b8cfb05/history/Lahti-Stats-and-History
c4e86b86,IFK Mariehamn (M),Finland,UEFA,https://fbref.com/en/squads/c4e86b86/history/IFK-Mariehamn-Stats-and-History
c3071553,FC Honka (M),Finland,UEFA,https://fbref.com/en/squads/c3071553/history/FC-Honka-Stats-and-History
e2d8892c,Paris Saint-Germain (M),France,UEFA,https://fbref.com/en/squads/e2d8892c/history/Paris-Saint-Germain-Stats-and-History
d53c0b06,Lyon (M),France,UEFA,https://fbref.com/en/squads/d53c0b06/history/Lyon-Stats-and-History
fd6114db,Monaco (M),France,UEFA,https://fbref.com/en/squads/fd6114db/history/Monaco-Stats-and-History
5725cc7b,Marseille (M),France,UEFA,https://fbref.com/en/squads/5725cc7b/history/Marseille-Stats-and-History
cb188c0c,Lille (M),France,UEFA,https://fbref.com/en/squads/cb188c0c/history/Lille-Stats-and-History
123f3efe,Bordeaux (M),France,UEFA,https://fbref.com/en/squads/123f3efe/history/Bordeaux-Stats-and-History
16d603bf,AS Etoile de Matoury (M),French Guiana,CONCACAF,https://fbref.com/en/squads/16d603bf/history/AS-Etoile-de-Matoury-Stats-and-History
236a1372,Aigles d'Or (M),French Guiana,CONCACAF,https://fbref.com/en/squads/236a1372/history/Aigles-dOr-Stats-and-History
661e458a,EF Iracoubo (M),French Guiana,CONCACAF,https://fbref.com/en/squads/661e458a/history/EF-Iracoubo-Stats-and-History
82d44ea3,ASC de l'Ouest (M),French Guiana,CONCACAF,https://fbref.com/en/squads/82d44ea3/history/ASC-de-lOuest-Stats-and-History
9e661299,ASC Agouado (M),French Guiana,CONCACAF,https://fbref.com/en/squads/9e661299/history/ASC-Agouado-Stats-and-History
e2fa043d,FC Dinamo Tbilisi (M),Georgia,UEFA,https://fbref.com/en/squads/e2fa043d/history/FC-Dinamo-Tbilisi-Stats-and-History
231f4a61,FC Torpedo Kutaisi (M),Georgia,UEFA,https://fbref.com/en/squads/231f4a61/history/FC-Torpedo-Kutaisi-Stats-and-History
e839c85b,FC Chikhura Sachkhere (M),Georgia,UEFA,https://fbref.com/en/squads/e839c85b/history/FC-Chikhura-Sachkhere-Stats-and-History
c1322cab,FC Zestafoni (M),Georgia,UEFA,https://fbref.com/en/squads/c1322cab/history/FC-Zestafoni-Stats-and-History
1c934f04,Lanchkhuti (F),Georgia,UEFA,https://fbref.com/en/squads/1c934f04/history/Lanchkhuti-Stats-and-History
5fccdf60,FC Rustavi (M),Georgia,UEFA,https://fbref.com/en/squads/5fccdf60/history/FC-Rustavi-Stats-and-History
054efa67,Bayern Munich (M),Germany,UEFA,https://fbref.com/en/squads/054efa67/history/Bayern-Munich-Stats-and-History
add600ae,Dortmund (M),Germany,UEFA,https://fbref.com/en/squads/add600ae/history/Dortmund-Stats-and-History
c7a9f859,Leverkusen (M),Germany,UEFA,https://fbref.com/en/squads/c7a9f859/history/Leverkusen-Stats-and-History
62add3bf,Werder Bremen (M),Germany,UEFA,https://fbref.com/en/squads/62add3bf/history/Werder-Bremen-Stats-and-History
598bc722,Stuttgart (M),Germany,UEFA,https://fbref.com/en/squads/598bc722/history/Stuttgart-Stats-and-History
c539e393,Schalke 04 (M),Germany,UEFA,https://fbref.com/en/squads/c539e393/history/Schalke-04-Stats-and-History
2d3c1b6d,Lincoln Red Imps FC (M),Gibraltar,UEFA,https://fbref.com/en/squads/2d3c1b6d/history/Lincoln-Red-Imps-FC-Stats-and-History
75cd4ee3,Europa FC (M),Gibraltar,UEFA,https://fbref.com/en/squads/75cd4ee3/history/Europa-FC-Stats-and-History
bb780485,St. Joseph's (M),Gibraltar,UEFA,https://fbref.com/en/squads/bb780485/history/St-Josephs-Stats-and-History
671a048d,Bruno's Magpies FC (M),Gibraltar,UEFA,https://fbref.com/en/squads/671a048d/history/Brunos-Magpies-FC-Stats-and-History
7e5aaab9,Mons Calpe SC (M),Gibraltar,UEFA,https://fbref.com/en/squads/7e5aaab9/history/Mons-Calpe-SC-Stats-and-History
2fdb4aef,Olympiacos (M),Greece,UEFA,https://fbref.com/en/squads/2fdb4aef/history/Olympiacos-Stats-and-History
f3a5726c,Panathinaikos (M),Greece,UEFA,https://fbref.com/en/squads/f3a5726c/history/Panathinaikos-Stats-and-History
5a5e7874,PAOK (M),Greece,UEFA,https://fbref.com/en/squads/5a5e7874/history/PAOK-Stats-and-History
d5348c80,AEK Athens (M),Greece,UEFA,https://fbref.com/en/squads/d5348c80/history/AEK-Athens-Stats-and-History
edddfa63,Aris (M),Greece,UEFA,https://fbref.com/en/squads/edddfa63/history/Aris-Stats-and-History
c9607f44,Atromitos (M),Greece,UEFA,https://fbref.com/en/squads/c9607f44/history/Atromitos-Stats-and-History
131b6d6f,Phare du Canal (M),Guadeloupe,CONCACAF,https://fbref.com/en/squads/131b6d6f/history/Phare-du-Canal-Stats-and-History
635b7f12,ASC Le Siroco (M),Guadeloupe,CONCACAF,https://fbref.com/en/squads/635b7f12/history/ASC-Le-Siroco-Stats-and-History
66e36b52,SC Baie-Mahault (M),Guadeloupe,CONCACAF,https://fbref.com/en/squads/66e36b52/history/SC-Baie-Mahault-Stats-and-History
abdf207a,Unité Sainte-Rosienne (M),Guadeloupe,CONCACAF,https://fbref.com/en/squads/abdf207a/history/Unite-Sainte-Rosienne-Stats-and-History
c4fe7ad9,Comunicaciones (M),Guatemala,CONCACAF,https://fbref.com/en/squads/c4fe7ad9/history/Comunicaciones-Stats-and-History
c01011f6,Club Xelajú MC (M),Guatemala,CONCACAF,https://fbref.com/en/squads/c01011f6/history/Club-Xelaju-MC-Stats-and-History
c4c0781e,Deportivo Guastatoya (M),Guatemala,CONCACAF,https://fbref.com/en/squads/c4c0781e/history/Deportivo-Guastatoya-Stats-and-History
e8c90349,Antigua GFC (M),Guatemala,CONCACAF,https://fbref.com/en/squads/e8c90349/history/Antigua-GFC-Stats-and-History
2c4ae853,Violette AC (M),Haiti,CONCACAF,https://fbref.com/en/squads/2c4ae853/history/Violette-AC-Stats-and-History
1cde5599,Arcahaie FC (M),Haiti,CONCACAF,https://fbref.com/en/squads/1cde5599/history/Arcahaie-FC-Stats-and-History
050e8bae,Real Hope (M),Haiti,CONCACAF,https://fbref.com/en/squads/050e8bae/history/Real-Hope-Stats-and-History
922c3cf8,AS Cavaly (M),Haiti,CONCACAF,https://fbref.com/en/squads/922c3cf8/history/AS-Cavaly-Stats-and-History
ac5eeb82,Club Deportivo Olimpia (M),Honduras,CONCACAF,https://fbref.com/en/squads/ac5eeb82/history/Club-Deportivo-Olimpia-Stats-and-History
a7ebbaf1,CD Motagua (M),Honduras,CONCACAF,https://fbref.com/en/squads/a7ebbaf1/history/CD-Motagua-Stats-and-History
4e4e7c94,Real España (M),Honduras,CONCACAF,https://fbref.com/en/squads/4e4e7c94/history/Real-Espana-Stats-and-History
ec838161,Marathón (M),Honduras,CONCACAF,https://fbref.com/en/squads/ec838161/history/Marathon-Stats-and-History
6611f992,Ferencváros (M),Hungary,UEFA,https://fbref.com/en/squads/6611f992/history/Ferencvaros-Stats-and-History
a338349f,Fehérvár (M),Hungary,UEFA,https://fbref.com/en/squads/a338349f/history/Fehervar-Stats-and-History
e24ac92e,Debrecen (M),Hungary,UEFA,https://fbref.com/en/squads/e24ac92e/history/Debrecen-Stats-and-History
108607cf,Újpest (M),Hungary,UEFA,https://fbref.com/en/squads/108607cf/history/Ujpest-Stats-and-History
db2b616c,Paks (M),Hungary,UEFA,https://fbref.com/en/squads/db2b616c/history/Paks-Stats-and-History
e44db2c6,MTK Budapest (M),Hungary,UEFA,https://fbref.com/en/squads/e44db2c6/history/MTK-Budapest-Stats-and-History
9ac2ced1,FH (M),Iceland,UEFA,https://fbref.com/en/squads/9ac2ced1/history/FH-Stats-and-History
005a8517,Breiðablik (F),Iceland,UEFA,https://fbref.com/en/squads/005a8517/history/Breidablik-Women-Stats-and-History
ae156985,KR (M),Iceland,UEFA,https://fbref.com/en/squads/ae156985/history/KR-Stats-and-History
50fbb58d,Stjarnan (F),Iceland,UEFA,https://fbref.com/en/squads/50fbb58d/history/Stjarnan-Women-Stats-and-History
2aa6d10a,Valur (F),Iceland,UEFA,https://fbref.com/en/squads/2aa6d10a/history/Valur-Women-Stats-and-History
4a29fb1c,Breiðablik (M),Iceland,UEFA,https://fbref.com/en/squads/4a29fb1c/history/Breidablik-Stats-and-History
5c7eb1c7,Mohun Bagan (M),India,AFC,https://fbref.com/en/squads/5c7eb1c7/history/Mohun-Bagan-Stats-and-History
d6997457,Bengaluru (M),India,AFC,https://fbref.com/en/squads/d6997457/history/Bengaluru-Stats-and-History
1ae5d154,Mumbai City (M),India,AFC,https://fbref.com/en/squads/1ae5d154/history/Mumbai-City-Stats-and-History
3249478a,Goa (M),India,AFC,https://fbref.com/en/squads/3249478a/history/Goa-Stats-and-History
366f89ff,East Bengal (M),India,AFC,https://fbref.com/en/squads/366f89ff/history/East-Bengal-Stats-and-History
238b245d,Odisha (M),India,AFC,https://fbref.com/en/squads/238b245d/history/Odisha-Stats-and-History
95f42e44,Persepolis (M),IR Iran,AFC,https://fbref.com/en/squads/95f42e44/history/Persepolis-Stats-and-History
fe550dbf,Esteghlal (M),IR Iran,AFC,https://fbref.com/en/squads/fe550dbf/history/Esteghlal-Stats-and-History
e39cf61a,Sepahan (M),IR Iran,AFC,https://fbref.com/en/squads/e39cf61a/history/Sepahan-Stats-and-History
0230c3aa,Tractor (M),IR Iran,AFC,https://fbref.com/en/squads/0230c3aa/history/Tractor-Stats-and-History
aa3eb1d3,Foolad (M),IR Iran,AFC,https://fbref.com/en/squads/aa3eb1d3/history/Foolad-Stats-and-History
f8106fc0,Zob Ahan (M),IR Iran,AFC,https://fbref.com/en/squads/f8106fc0/history/Zob-Ahan-Stats-and-History
04c011d8,Maccabi Tel Aviv FC (M),Israel,UEFA,https://fbref.com/en/squads/04c011d8/history/Maccabi-Tel-Aviv-FC-Stats-and-History
187832f5,Maccabi Haifa FC (M),Israel,UEFA,https://fbref.com/en/squads/187832f5/history/Maccabi-Haifa-FC-Stats-and-History
8bb196a5,Hapoel Tel Aviv FC (M),Israel,UEFA,https://fbref.com/en/squads/8bb196a5/history/Hapoel-Tel-Aviv-FC-Stats-and-History
133013ee,Hapoel Be'er Sheva FC (M),Israel,UEFA,https://fbref.com/en/squads/133013ee/history/Hapoel-Beer-Sheva-FC-Stats-and-History
79000faa,Beitar Jerusalem (M),Israel,UEFA,https://fbref.com/en/squads/79000faa/history/Beitar-Jerusalem-Stats-and-History
1040e0f7,Bnei Yehuda Tel Aviv FC (M),Israel,UEFA,https://fbref.com/en/squads/1040e0f7/history/Bnei-Yehuda-Tel-Aviv-FC-Stats-and-History
e0652b02,Juventus (M),Italy,UEFA,https://fbref.com/en/squads/e0652b02/history/Juventus-Stats-and-History
d609edc0,Internazionale (M),Italy,UEFA,https://fbref.com/en/squads/d609edc0/history/Internazionale-Stats-and-History
dc56fe14,Milan (M),Italy,UEFA,https://fbref.com/en/squads/dc56fe14/history/Milan-Stats-and-History
cf74a709,Roma (M),Italy,UEFA,https://fbref.com/en/squads/cf74a709/history/Roma-Stats-and-History
7213da33,Lazio (M),Italy,UEFA,https://fbref.com/en/squads/7213da33/history/Lazio-Stats-and-History
d48ad4ff,Napoli (M),Italy,UEFA,https://fbref.com/en/squads/d48ad4ff/history/Napoli-Stats-and-History
28ec58a5,Mount Pleasant Football Academy (M),Jamaica,CONCACAF,https://fbref.com/en/squads/28ec58a5/history/Mount-Pleasant-Football-Academy-Stats-and-History
37776575,Cavalier FC (M),Jamaica,CONCACAF,https://fbref.com/en/squads/37776575/history/Cavalier-FC-Stats-and-History
e035ae8f,Portmore United FC (M),Jamaica,CONCACAF,https://fbref.com/en/squads/e035ae8f/history/Portmore-United-FC-Stats-and-History
858d58b2,Kawasaki Frontale (M),Japan,AFC,https://fbref.com/en/squads/858d58b2/history/Kawasaki-Frontale-Stats-and-History
dd694b37,Kashima Antlers (M),Japan,AFC,https://fbref.com/en/squads/dd694b37/history/Kashima-Antlers-Stats-and-History
f812e711,Urawa Red Diamonds (M),Japan,AFC,https://fbref.com/en/squads/f812e711/history/Urawa-Red-Diamonds-Stats-and-History
a33a1d8d,Sanfrecce Hiroshima (M),Japan,AFC,https://fbref.com/en/squads/a33a1d8d/history/Sanfrecce-Hiroshima-Stats-and-History
3ded797c,Yokohama F. Marinos (M),Japan,AFC,https://fbref.com/en/squads/3ded797c/history/Yokohama-F-Marinos-Stats-and-History
e2948349,Gamba Osaka (M),Japan,AFC,https://fbref.com/en/squads/e2948349/history/Gamba-Osaka-Stats-and-History
c72c8787,FC Astana (M),Kazakhstan,UEFA,https://fbref.com/en/squads/c72c8787/history/FC-Astana-Stats-and-History
6f6ee141,BIIK Kazygurt (F),Kazakhstan,UEFA,https://fbref.com/en/squads/6f6ee141/history/BIIK-Kazygurt-Stats-and-History
768fb565,FC Kairat (M),Kazakhstan,UEFA,https://fbref.com/en/squads/768fb565/history/FC-Kairat-Stats-and-History
c8282e20,FC Aktobe (M),Kazakhstan,UEFA,https://fbref.com/en/squads/c8282e20/history/FC-Aktobe-Stats-and-History
a8ba56e5,FC Shakhter Karagandy (M),Kazakhstan,UEFA,https://fbref.com/en/squads/a8ba56e5/history/FC-Shakhter-Karagandy-Stats-and-History
8c6383a1,FC Tobol (M),Kazakhstan,UEFA,https://fbref.com/en/squads/8c6383a1/history/FC-Tobol-Stats-and-History
ae23a242,Jeonbuk Hyundai Motors (M),Korea Republic,AFC,https://fbref.com/en/squads/ae23a242/history/Jeonbuk-Hyundai-Motors-Stats-and-History
4372a20b,Ulsan HD (M),Korea Republic,AFC,https://fbref.com/en/squads/4372a20b/history/Ulsan-HD-Stats-and-History
82d18831,Pohang Steelers (M),Korea Republic,AFC,https://fbref.com/en/squads/82d18831/history/Pohang-Steelers-Stats-and-History
e03e5172,FC Seoul (M),Korea Republic,AFC,https://fbref.com/en/squads/e03e5172/history/FC-Seoul-Stats-and-History
e1e9c597,Jeju United (M),Korea Republic,AFC,https://fbref.com/en/squads/e1e9c597/history/Jeju-United-Stats-and-History
05c86972,Suwon Samsung Bluewings (M),Korea Republic,AFC,https://fbref.com/en/squads/05c86972/history/Suwon-Samsung-Bluewings-Stats-and-History
77b23ba3,KF Drita (M),Kosovo,UEFA,https://fbref.com/en/squads/77b23ba3/history/KF-Drita-Stats-and-History
874efae9,Mitrovica (F),Kosovo,UEFA,https://fbref.com/en/squads/874efae9/history/Mitrovica-Stats-and-History
7de37644,FC Prishtina (M),Kosovo,UEFA,https://fbref.com/en/squads/7de37644/history/FC-Prishtina-Stats-and-History
1ebfb2aa,KF Ballkani Therandë (M),Kosovo,UEFA,https://fbref.com/en/squads/1ebfb2aa/history/KF-Ballkani-Therande-Stats-and-History
c6bd5ba1,KFF EP-Com Hajvalia (F),Kosovo,UEFA,https://fbref.com/en/squads/c6bd5ba1/history/KFF-EP-Com-Hajvalia-Stats-and-History
9d12423d,Hajvalia (F),Kosovo,UEFA,https://fbref.com/en/squads/9d12423d/history/Hajvalia-Stats-and-History
89873a40,Skonto FC (M),Latvia,UEFA,https://fbref.com/en/squads/89873a40/history/Skonto-FC-Stats-and-History
869a3b6a,FK Ventspils (M),Latvia,UEFA,https://fbref.com/en/squads/869a3b6a/history/FK-Ventspils-Stats-and-History
289b7de6,FK Liepājas Metalurgs (M),Latvia,UEFA,https://fbref.com/en/squads/289b7de6/history/FK-Liepajas-Metalurgs-Stats-and-History
7c90642e,FK Rīgas Futbola skola (M),Latvia,UEFA,https://fbref.com/en/squads/7c90642e/history/FK-Rigas-Futbola-skola-Stats-and-History
654ac5a4,FK Spartaks Jūrmala (M),Latvia,UEFA,https://fbref.com/en/squads/654ac5a4/history/FK-Spartaks-Jurmala-Stats-and-History
8a898dad,FK Jelgava (M),Latvia,UEFA,https://fbref.com/en/squads/8a898dad/history/FK-Jelgava-Stats-and-History
b1b46fc3,Vaduz (M),Liechtenstein,UEFA,https://fbref.com/en/squads/b1b46fc3/history/Vaduz-Stats-and-History
296285e0,USV Eschen/Mauren (M),Liechtenstein,UEFA,https://fbref.com/en/squads/296285e0/history/USV-EschenMauren-Stats-and-History
29ee35e0,Gintra Universitetas (F),Lithuania,UEFA,https://fbref.com/en/squads/29ee35e0/history/Gintra-Universitetas-Stats-and-History
4c6489de,Žalgiris (M),Lithuania,UEFA,https://fbref.com/en/squads/4c6489de/history/Zalgiris-Stats-and-History
816a9742,FBK Kaunas (M),Lithuania,UEFA,https://fbref.com/en/squads/816a9742/history/FBK-Kaunas-Stats-and-History
9e3153f3,FK Sūduva Marijampolė (M),Lithuania,UEFA,https://fbref.com/en/squads/9e3153f3/history/FK-Suduva-Marijampole-Stats-and-History
3ca079d2,FK Ekranas (M),Lithuania,UEFA,https://fbref.com/en/squads/3ca079d2/history/FK-Ekranas-Stats-and-History
49a61d12,Riteriai (M),Lithuania,UEFA,https://fbref.com/en/squads/49a61d12/history/Riteriai-Stats-and-History
baae133b,F91 Dudelange (M),Luxembourg,UEFA,https://fbref.com/en/squads/baae133b/history/F91-Dudelange-Stats-and-History
58ff3cd4,Differdange (M),Luxembourg,UEFA,https://fbref.com/en/squads/58ff3cd4/history/Differdange-Stats-and-History
dfe62afe,Racing-Union (F),Luxembourg,UEFA,https://fbref.com/en/squads/dfe62afe/history/Racing-Union-Women-Stats-and-History
ec560e72,FC Progrès Niederkorn (M),Luxembourg,UEFA,https://fbref.com/en/squads/ec560e72/history/FC-Progres-Niederkorn-Stats-and-History
f1849f98,Jeunesse Esch (M),Luxembourg,UEFA,https://fbref.com/en/squads/f1849f98/history/Jeunesse-Esch-Stats-and-History
aa065002,CS Fola Esch (M),Luxembourg,UEFA,https://fbref.com/en/squads/aa065002/history/CS-Fola-Esch-Stats-and-History
3f53cc7a,Valletta FC (M),Malta,UEFA,https://fbref.com/en/squads/3f53cc7a/history/Valletta-FC-Stats-and-History
7bb567b2,Birkirkara FC (M),Malta,UEFA,https://fbref.com/en/squads/7bb567b2/history/Birkirkara-FC-Stats-and-History
0faf8f33,Hibernians FC (M),Malta,UEFA,https://fbref.com/en/squads/0faf8f33/history/Hibernians-FC-Stats-and-History
9c088d4e,Floriana FC (M),Malta,UEFA,https://fbref.com/en/squads/9c088d4e/history/Floriana-FC-Stats-and-History
7ba81fac,Birkirkara (F),Malta,UEFA,https://fbref.com/en/squads/7ba81fac/history/Birkirkara-Stats-and-History
7465f27b,Sliema Wanderers (M),Malta,UEFA,https://fbref.com/en/squads/7465f27b/history/Sliema-Wanderers-Stats-and-History
5f472462,AO Eveil des Trois-Ilets (M),Martinique,CONCACAF,https://fbref.com/en/squads/5f472462/history/AO-Eveil-des-Trois-Ilets-Stats-and-History
76ca939d,RC Saint-Joseph (M),Martinique,CONCACAF,https://fbref.com/en/squads/76ca939d/history/RC-Saint-Joseph-Stats-and-History
ab204822,Golden Lion de Saint-Joseph (M),Martinique,CONCACAF,https://fbref.com/en/squads/ab204822/history/Golden-Lion-de-Saint-Joseph-Stats-and-History
d9490713,CS l'Espoir de Sainte Luce (M),Martinique,CONCACAF,https://fbref.com/en/squads/d9490713/history/CS-lEspoir-de-Sainte-Luce-Stats-and-History
18d3c3a3,América (M),Mexico,CONCACAF,https://fbref.com/en/squads/18d3c3a3/history/America-Stats-and-History
632f1838,Cruz Azul (M),Mexico,CONCACAF,https://fbref.com/en/squads/632f1838/history/Cruz-Azul-Stats-and-History
44b88a4e,Toluca (M),Mexico,CONCACAF,https://fbref.com/en/squads/44b88a4e/history/Toluca-Stats-and-History
d9e1bd51,Tigres UANL (M),Mexico,CONCACAF,https://fbref.com/en/squads/d9e1bd51/history/Tigres-UANL-Stats-and-History
dd5ca9bd,Monterrey (M),Mexico,CONCACAF,https://fbref.com/en/squads/dd5ca9bd/history/Monterrey-Stats-and-History
1be8d2e3,Pachuca (M),Mexico,CONCACAF,https://fbref.com/en/squads/1be8d2e3/history/Pachuca-Stats-and-History
50995c1e,FC Sheriff Tiraspol (M),Moldova,UEFA,https://fbref.com/en/squads/50995c1e/history/FC-Sheriff-Tiraspol-Stats-and-History
24cd860c,FC Zimbru Chișinău (M),Moldova,UEFA,https://fbref.com/en/squads/24cd860c/history/FC-Zimbru-Chisinau-Stats-and-History
3cb9ad76,FC Dacia Chișinău (M),Moldova,UEFA,https://fbref.com/en/squads/3cb9ad76/history/FC-Dacia-Chisinau-Stats-and-History
7795f801,FC Milsami Orhei (M),Moldova,UEFA,https://fbref.com/en/squads/7795f801/history/FC-Milsami-Orhei-Stats-and-History
c586e431,FC Nistru Otaci (M),Moldova,UEFA,https://fbref.com/en/squads/c586e431/history/FC-Nistru-Otaci-Stats-and-History
ae96366c,FC Petrocub Sărata-Galbenă (M),Moldova,UEFA,https://fbref.com/en/squads/ae96366c/history/FC-Petrocub-Sarata-Galbena-Stats-and-History
f4f98e1c,Budućnost Podgorica (M),Montenegro,UEFA,https://fbref.com/en/squads/f4f98e1c/history/Buducnost-Podgorica-Stats-and-History
8dc7bf66,OFK Titograd (M),Montenegro,UEFA,https://fbref.com/en/squads/8dc7bf66/history/OFK-Titograd-Stats-and-History
bda134f7,FK Zeta (M),Montenegro,UEFA,https://fbref.com/en/squads/bda134f7/history/FK-Zeta-Stats-and-History
e065a5a4,Breznica (F),Montenegro,UEFA,https://fbref.com/en/squads/e065a5a4/history/Breznica-Stats-and-History
fe8bc2a6,FK Rudar Pljevlja (M),Montenegro,UEFA,https://fbref.com/en/squads/fe8bc2a6/history/FK-Rudar-Pljevlja-Stats-and-History
d5bd7be2,FK Mogren (M),Montenegro,UEFA,https://fbref.com/en/squads/d5bd7be2/history/FK-Mogren-Stats-and-History
819c79ad,Wydad AC (M),Morocco,CAF,https://fbref.com/en/squads/819c79ad/history/Wydad-AC-Stats-and-History
e334d850,PSV Eindhoven (M),Netherlands,UEFA,https://fbref.com/en/squads/e334d850/history/PSV-Eindhoven-Stats-and-History
19c3f8c4,Ajax (M),Netherlands,UEFA,https://fbref.com/en/squads/19c3f8c4/history/Ajax-Stats-and-History
fb4ca611,Feyenoord (M),Netherlands,UEFA,https://fbref.com/en/squads/fb4ca611/history/Feyenoord-Stats-and-History
3986b791,AZ Alkmaar (M),Netherlands,UEFA,https://fbref.com/en/squads/3986b791/history/AZ-Alkmaar-Stats-and-History
a1f721d3,Twente (M),Netherlands,UEFA,https://fbref.com/en/squads/a1f721d3/history/Twente-Stats-and-History
2a428619,Utrecht (M),Netherlands,UEFA,https://fbref.com/en/squads/2a428619/history/Utrecht-Stats-and-History
81134e0b,Wellington Phoenix (M),New Zealand,OFC,https://fbref.com/en/squads/81134e0b/history/Wellington-Phoenix-Stats-and-History
bc52ac89,Wellington Phoenix (F),New Zealand,OFC,https://fbref.com/en/squads/bc52ac89/history/Wellington-Phoenix-Stats-and-History
4cb614ef,Auckland FC (M),New Zealand,OFC,https://fbref.com/en/squads/4cb614ef/history/Auckland-FC-Stats-and-History
f6e449d9,New Zealand Knights (M),New Zealand,OFC,https://fbref.com/en/squads/f6e449d9/history/New-Zealand-Knights-Stats-and-History
8aa5f4ed,Auckland City (M),New Zealand,OFC,https://fbref.com/en/squads/8aa5f4ed/history/Auckland-City-Stats-and-History
8405639b,Real Estelí FC (M),Nicaragua,CONCACAF,https://fbref.com/en/squads/8405639b/history/Real-Esteli-FC-Stats-and-History
4ebc9920,FK Rabotnički (M),North Macedonia,UEFA,https://fbref.com/en/squads/4ebc9920/history/FK-Rabotnicki-Stats-and-History
c480c810,FK Shkëndija (M),North Macedonia,UEFA,https://fbref.com/en/squads/c480c810/history/FK-Shkendija-Stats-and-History
5b47810a,FK Vardar (M),North Macedonia,UEFA,https://fbref.com/en/squads/5b47810a/history/FK-Vardar-Stats-and-History
9bb79f59,Ljuboten (F),North Macedonia,UEFA,https://fbref.com/en/squads/9bb79f59/history/Ljuboten-Stats-and-History
623ecff4,FK Renova (M),North Macedonia,UEFA,https://fbref.com/en/squads/623ecff4/history/FK-Renova-Stats-and-History
c306c0bb,FK Pobeda (M),North Macedonia,UEFA,https://fbref.com/en/squads/c306c0bb/history/FK-Pobeda-Stats-and-History
4c96013a,Linfield FC (M),Northern Ireland,UEFA,https://fbref.com/en/squads/4c96013a/history/Linfield-FC-Stats-and-History
0b6cd7c6,Crusaders FC (M),Northern Ireland,UEFA,https://fbref.com/en/squads/0b6cd7c6/history/Crusaders-FC-Stats-and-History
23b52962,Glentoran (F),Northern Ireland,UEFA,https://fbref.com/en/squads/23b52962/history/Glentoran-Women-Stats-and-History
5a130b7c,Cliftonville FC (M),Northern Ireland,UEFA,https://fbref.com/en/squads/5a130b7c/history/Cliftonville-FC-Stats-and-History
eaa4ec68,Glentoran (M),Northern Ireland,UEFA,https://fbref.com/en/squads/eaa4ec68/history/Glentoran-Stats-and-History
63fd3c74,Portadown FC (M),Northern Ireland,UEFA,https://fbref.com/en/squads/63fd3c74/history/Portadown-FC-Stats-and-History
90e37d3a,Rosenborg (M),Norway,UEFA,https://fbref.com/en/squads/90e37d3a/history/Rosenborg-Stats-and-History
174bd5a0,Molde (M),Norway,UEFA,https://fbref.com/en/squads/174bd5a0/history/Molde-Stats-and-History
0b26f976,Viking (M),Norway,UEFA,https://fbref.com/en/squads/0b26f976/history/Viking-Stats-and-History
aeae4fe1,Brann (M),Norway,UEFA,https://fbref.com/en/squads/aeae4fe1/history/Brann-Stats-and-History
60aa17d7,Vålerenga (M),Norway,UEFA,https://fbref.com/en/squads/60aa17d7/history/Valerenga-Stats-and-History
b70ec3fa,Odd (M),Norway,UEFA,https://fbref.com/en/squads/b70ec3fa/history/Odd-Stats-and-History
a9805116,Sporting San Miguelito (M),Panama,CONCACAF,https://fbref.com/en/squads/a9805116/history/Sporting-San-Miguelito-Stats-and-History
223a989a,CA Independiente (M),Panama,CONCACAF,https://fbref.com/en/squads/223a989a/history/CA-Independiente-Stats-and-History
573776c5,Tauro (M),Panama,CONCACAF,https://fbref.com/en/squads/573776c5/history/Tauro-Stats-and-History
e4cd6f9a,Cerro Porteño (M),Paraguay,CONMEBOL,https://fbref.com/en/squads/e4cd6f9a/history/Cerro-Porteno-Stats-and-History
ae107695,Libertad (M),Paraguay,CONMEBOL,https://fbref.com/en/squads/ae107695/history/Libertad-Stats-and-History
4d4fc0b8,Club Olimpia (M),Paraguay,CONMEBOL,https://fbref.com/en/squads/4d4fc0b8/history/Club-Olimpia-Stats-and-History
6c3c25bd,Guaraní (M),Paraguay,CONMEBOL,https://fbref.com/en/squads/6c3c25bd/history/Guarani-Stats-and-History
264fce29,Nacional Asunción (M),Paraguay,CONMEBOL,https://fbref.com/en/squads/264fce29/history/Nacional-Asuncion-Stats-and-History
d7e6c419,Sportivo Luqueño (M),Paraguay,CONMEBOL,https://fbref.com/en/squads/d7e6c419/history/Sportivo-Luqueno-Stats-and-History
8917b8a9,Sporting Cristal (M),Peru,CONMEBOL,https://fbref.com/en/squads/8917b8a9/history/Sporting-Cristal-Stats-and-History
cdbccdc1,Alianza Lima (M),Peru,CONMEBOL,https://fbref.com/en/squads/cdbccdc1/history/Alianza-Lima-Stats-and-History
87ffd947,Melgar (M),Peru,CONMEBOL,https://fbref.com/en/squads/87ffd947/history/Melgar-Stats-and-History
e4108102,Universitario (M),Peru,CONMEBOL,https://fbref.com/en/squads/e4108102/history/Universitario-Stats-and-History
d7ba2e36,Sport Huancayo (M),Peru,CONMEBOL,https://fbref.com/en/squads/d7ba2e36/history/Sport-Huancayo-Stats-and-History
d4f8af71,Cusco (M),Peru,CONMEBOL,https://fbref.com/en/squads/d4f8af71/history/Cusco-Stats-and-History
a73408a7,Legia Warsaw (M),Poland,UEFA,https://fbref.com/en/squads/a73408a7/history/Legia-Warsaw-Stats-and-History
fdba14df,Lech Poznań (M),Poland,UEFA,https://fbref.com/en/squads/fdba14df/history/Lech-Poznan-Stats-and-History
162ec40d,Wisła Kraków (M),Poland,UEFA,https://fbref.com/en/squads/162ec40d/history/Wisla-Krakow-Stats-and-History
4f7b798d,Jagiellonia (M),Poland,UEFA,https://fbref.com/en/squads/4f7b798d/history/Jagiellonia-Stats-and-History
3458af25,Zagłębie Lubin (M),Poland,UEFA,https://fbref.com/en/squads/3458af25/history/Zaglebie-Lubin-Stats-and-History
d2f21b23,Górnik Zabrze (M),Poland,UEFA,https://fbref.com/en/squads/d2f21b23/history/Gornik-Zabrze-Stats-and-History
5e876ee6,Porto (M),Portugal,UEFA,https://fbref.com/en/squads/5e876ee6/history/Porto-Stats-and-History
a77c513e,Benfica (M),Portugal,UEFA,https://fbref.com/en/squads/a77c513e/history/Benfica-Stats-and-History
13dc44fd,Sporting CP (M),Portugal,UEFA,https://fbref.com/en/squads/13dc44fd/history/Sporting-CP-Stats-and-History
69d84c29,Braga (M),Portugal,UEFA,https://fbref.com/en/squads/69d84c29/history/Braga-Stats-and-History
3f319bc9,Vitória Guimarães (M),Portugal,UEFA,https://fbref.com/en/squads/3f319bc9/history/Vitoria-Guimaraes-Stats-and-History
c1b0f61b,Marítimo (M),Portugal,UEFA,https://fbref.com/en/squads/c1b0f61b/history/Maritimo-Stats-and-History
7a646b77,Puerto Rico FC (M),Puerto Rico,CONCACAF,https://fbref.com/en/squads/7a646b77/history/Puerto-Rico-FC-Stats-and-History
cb963e95,Al Duhail SC (M),Qatar,AFC,https://fbref.com/en/squads/cb963e95/history/Al-Duhail-SC-Stats-and-History
d6a1c80d,Al Sadd (M),Qatar,AFC,https://fbref.com/en/squads/d6a1c80d/history/Al-Sadd-Stats-and-History
f082c4f3,Shamrock Rovers (M),Republic of Ireland,UEFA,https://fbref.com/en/squads/f082c4f3/history/Shamrock-Rovers-Stats-and-History
e4a9d483,Dundalk FC (M),Republic of Ireland,UEFA,https://fbref.com/en/squads/e4a9d483/history/Dundalk-FC-Stats-and-History
8a814429,St Patrick's Athletic (M),Republic of Ireland,UEFA,https://fbref.com/en/squads/8a814429/history/St-Patricks-Athletic-Stats-and-History
15f9a98b,Derry City (M),Republic of Ireland,UEFA,https://fbref.com/en/squads/15f9a98b/history/Derry-City-Stats-and-History
2cf146dc,Bohemian FC (M),Republic of Ireland,UEFA,https://fbref.com/en/squads/2cf146dc/history/Bohemian-FC-Stats-and-History
0baacc84,Sligo Rovers (M),Republic of Ireland,UEFA,https://fbref.com/en/squads/0baacc84/history/Sligo-Rovers-Stats-and-History
0c7e735f,La Tamponnaise (M),Réunion,CAF,https://fbref.com/en/squads/0c7e735f/history/La-Tamponnaise-Stats-and-History
0d650ddf,Saint-Denis FC (M),Réunion,CAF,https://fbref.com/en/squads/0d650ddf/history/Saint-Denis-FC-Stats-and-History
6059bda0,ES Dominicaine (M),Réunion,CAF,https://fbref.com/en/squads/6059bda0/history/ES-Dominicaine-Stats-and-History
941ace54,ASC Makes (M),Réunion,CAF,https://fbref.com/en/squads/941ace54/history/ASC-Makes-Stats-and-History
95b04c1c,AS Sainte-Suzanne (M),Réunion,CAF,https://fbref.com/en/squads/95b04c1c/history/AS-Sainte-Suzanne-Stats-and-History
aed59852,FCSB (M),Romania,UEFA,https://fbref.com/en/squads/aed59852/history/FCSB-Stats-and-History
ff04e205,CFR Cluj (M),Romania,UEFA,https://fbref.com/en/squads/ff04e205/history/CFR-Cluj-Stats-and-History
4472d406,Dinamo București (M),Romania,UEFA,https://fbref.com/en/squads/4472d406/history/Dinamo-Bucuresti-Stats-and-History
1eebf7c3,CS Universitatea Craiova (M),Romania,UEFA,https://fbref.com/en/squads/1eebf7c3/history/CS-Universitatea-Craiova-Stats-and-History
099e0a8b,Rapid București (M),Romania,UEFA,https://fbref.com/en/squads/099e0a8b/history/Rapid-Bucuresti-Stats-and-History
d921c99f,Botoșani (M),Romania,UEFA,https://fbref.com/en/squads/d921c99f/history/Botosani-Stats-and-History
98ce363d,Zenit (M),Russia,UEFA,https://fbref.com/en/squads/98ce363d/history/Zenit-Stats-and-History
f0c0c2c2,CSKA Moscow (M),Russia,UEFA,https://fbref.com/en/squads/f0c0c2c2/history/CSKA-Moscow-Stats-and-History
8c635914,Spartak Moscow (M),Russia,UEFA,https://fbref.com/en/squads/8c635914/history/Spartak-Moscow-Stats-and-History
5a8dc328,Lokomotiv Moscow (M),Russia,UEFA,https://fbref.com/en/squads/5a8dc328/history/Lokomotiv-Moscow-Stats-and-History
541a280b,Dynamo Moscow (M),Russia,UEFA,https://fbref.com/en/squads/541a280b/history/Dynamo-Moscow-Stats-and-History
5625a7da,Rubin Kazan (M),Russia,UEFA,https://fbref.com/en/squads/5625a7da/history/Rubin-Kazan-Stats-and-History
20f5bd86,San Marino (F),San Marino,UEFA,https://fbref.com/en/squads/20f5bd86/history/San-Marino-Stats-and-History
017bcbe4,S.P. Tre Fiori (M),San Marino,UEFA,https://fbref.com/en/squads/017bcbe4/history/SP-Tre-Fiori-Stats-and-History
aaffe678,S.P. Tre Penne (M),San Marino,UEFA,https://fbref.com/en/squads/aaffe678/history/SP-Tre-Penne-Stats-and-History
1286546c,AC Libertas (M),San Marino,UEFA,https://fbref.com/en/squads/1286546c/history/AC-Libertas-Stats-and-History
6de42722,S.P. La Fiorita (M),San Marino,UEFA,https://fbref.com/en/squads/6de42722/history/SP-La-Fiorita-Stats-and-History
2f62b860,SC Faetano (M),San Marino,UEFA,https://fbref.com/en/squads/2f62b860/history/SC-Faetano-Stats-and-History
972e2539,Al-Hilal (M),Saudi Arabia,AFC,https://fbref.com/en/squads/972e2539/history/Al-Hilal-Stats-and-History
6baef27f,Al-Nassr (M),Saudi Arabia,AFC,https://fbref.com/en/squads/6baef27f/history/Al-Nassr-Stats-and-History
e00d111d,Al-Ittihad (M),Saudi Arabia,AFC,https://fbref.com/en/squads/e00d111d/history/Al-Ittihad-Stats-and-History
cb45d9cb,Al-Ahli (M),Saudi Arabia,AFC,https://fbref.com/en/squads/cb45d9cb/history/Al-Ahli-Stats-and-History
84bbaea6,Al-Shabab (M),Saudi Arabia,AFC,https://fbref.com/en/squads/84bbaea6/history/Al-Shabab-Stats-and-History
776909d3,Al-Taawoun (M),Saudi Arabia,AFC,https://fbref.com/en/squads/776909d3/history/Al-Taawoun-Stats-and-History
b81aa4fa,Celtic (M),Scotland,UEFA,https://fbref.com/en/squads/b81aa4fa/history/Celtic-Stats-and-History
86b7acd2,Rangers (M),Scotland,UEFA,https://fbref.com/en/squads/86b7acd2/history/Rangers-Stats-and-History
8bbab7cf,Aberdeen (M),Scotland,UEFA,https://fbref.com/en/squads/8bbab7cf/history/Aberdeen-Stats-and-History
7c77b0bc,Heart of Midlothian (M),Scotland,UEFA,https://fbref.com/en/squads/7c77b0bc/history/Heart-of-Midlothian-Stats-and-History
f3aacc58,Hibernian (M),Scotland,UEFA,https://fbref.com/en/squads/f3aacc58/history/Hibernian-Stats-and-History
9d04848a,Motherwell (M),Scotland,UEFA,https://fbref.com/en/squads/9d04848a/history/Motherwell-Stats-and-History
099c6eb5,Red Star (M),Serbia,UEFA,https://fbref.com/en/squads/099c6eb5/history/Red-Star-Stats-and-History
dde3e804,Partizan (M),Serbia,UEFA,https://fbref.com/en/squads/dde3e804/history/Partizan-Stats-and-History
278db974,Vojvodina (M),Serbia,UEFA,https://fbref.com/en/squads/278db974/history/Vojvodina-Stats-and-History
42e847bc,Čukarički (M),Serbia,UEFA,https://fbref.com/en/squads/42e847bc/history/Cukaricki-Stats-and-History
6d139ec5,Spartak Subotica (M),Serbia,UEFA,https://fbref.com/en/squads/6d139ec5/history/Spartak-Subotica-Stats-and-History
72804f2b,Radnički Niš (M),Serbia,UEFA,https://fbref.com/en/squads/72804f2b/history/Radnicki-Nis-Stats-and-History
ae7f2f70,Slovan Bratislava (M),Slovakia,UEFA,https://fbref.com/en/squads/ae7f2f70/history/Slovan-Bratislava-Stats-and-History
e5dea1f1,MŠK Žilina (M),Slovakia,UEFA,https://fbref.com/en/squads/e5dea1f1/history/MSK-Zilina-Stats-and-History
6c6f5a68,FC Petržalka (M),Slovakia,UEFA,https://fbref.com/en/squads/6c6f5a68/history/FC-Petrzalka-Stats-and-History
c16f1fe7,FC Spartak Trnava (M),Slovakia,UEFA,https://fbref.com/en/squads/c16f1fe7/history/FC-Spartak-Trnava-Stats-and-History
f75c6442,Košice (M),Slovakia,UEFA,https://fbref.com/en/squads/f75c6442/history/Kosice-Stats-and-History
d74e7b7c,Inter Bratislava (M),Slovakia,UEFA,https://fbref.com/en/squads/d74e7b7c/history/Inter-Bratislava-Stats-and-History
2aae7689,NK Maribor (M),Slovenia,UEFA,https://fbref.com/en/squads/2aae7689/history/NK-Maribor-Stats-and-History
8ac05d3e,NK Domžale (M),Slovenia,UEFA,https://fbref.com/en/squads/8ac05d3e/history/NK-Domzale-Stats-and-History
b80262ea,Pomurje (F),Slovenia,UEFA,https://fbref.com/en/squads/b80262ea/history/Pomurje-Stats-and-History
8ae75624,NK Olimpija Ljubljana (M),Slovenia,UEFA,https://fbref.com/en/squads/8ae75624/history/NK-Olimpija-Ljubljana-Stats-and-History
892ab902,Olimpija Ljubljana (M),Slovenia,UEFA,https://fbref.com/en/squads/892ab902/history/Olimpija-Ljubljana-Stats-and-History
e404a61d,ND Gorica (M),Slovenia,UEFA,https://fbref.com/en/squads/e404a61d/history/ND-Gorica-Stats-and-History
97d80fef,Mamelodi Sundowns (M),South Africa,CAF,https://fbref.com/en/squads/97d80fef/history/Mamelodi-Sundowns-Stats-and-History
b8a68959,Orlando Pirates (M),South Africa,CAF,https://fbref.com/en/squads/b8a68959/history/Orlando-Pirates-Stats-and-History
2898ec06,Kaizer Chiefs (M),South Africa,CAF,https://fbref.com/en/squads/2898ec06/history/Kaizer-Chiefs-Stats-and-History
c96d819b,SuperSport United (M),South Africa,CAF,https://fbref.com/en/squads/c96d819b/history/SuperSport-United-Stats-and-History
bf882670,Lamontville Golden Arrows (M),South Africa,CAF,https://fbref.com/en/squads/bf882670/history/Lamontville-Golden-Arrows-Stats-and-History
98cc9e1b,Cape Town City (M),South Africa,CAF,https://fbref.com/en/squads/98cc9e1b/history/Cape-Town-City-Stats-and-History
53a2f082,Real Madrid (M),Spain,UEFA,https://fbref.com/en/squads/53a2f082/history/Real-Madrid-Stats-and-History
206d90db,Barcelona (M),Spain,UEFA,https://fbref.com/en/squads/206d90db/history/Barcelona-Stats-and-History
db3b9613,Atlético Madrid (M),Spain,UEFA,https://fbref.com/en/squads/db3b9613/history/Atletico-Madrid-Stats-and-History
dcc91a7b,Valencia (M),Spain,UEFA,https://fbref.com/en/squads/dcc91a7b/history/Valencia-Stats-and-History
ad2be733,Sevilla (M),Spain,UEFA,https://fbref.com/en/squads/ad2be733/history/Sevilla-Stats-and-History
2b390eca,Athletic Club (M),Spain,UEFA,https://fbref.com/en/squads/2b390eca/history/Athletic-Club-Stats-and-History
de26a45c,SV Robinhood (M),Suriname,CONCACAF,https://fbref.com/en/squads/de26a45c/history/SV-Robinhood-Stats-and-History
f3d8c8b9,Malmö (M),Sweden,UEFA,https://fbref.com/en/squads/f3d8c8b9/history/Malmo-Stats-and-History
b0333581,AIK Stockholm (M),Sweden,UEFA,https://fbref.com/en/squads/b0333581/history/AIK-Stockholm-Stats-and-History
50e85bfc,Elfsborg (M),Sweden,UEFA,https://fbref.com/en/squads/50e85bfc/history/Elfsborg-Stats-and-History
9423c05a,Djurgården (M),Sweden,UEFA,https://fbref.com/en/squads/9423c05a/history/Djurgarden-Stats-and-History
ef1ab26a,Göteborg (M),Sweden,UEFA,https://fbref.com/en/squads/ef1ab26a/history/Goteborg-Stats-and-History
92bfd7f0,Hammarby (M),Sweden,UEFA,https://fbref.com/en/squads/92bfd7f0/history/Hammarby-Stats-and-History
d3d9424a,Basel (M),Switzerland,UEFA,https://fbref.com/en/squads/d3d9424a/history/Basel-Stats-and-History
4b682260,Young Boys (M),Switzerland,UEFA,https://fbref.com/en/squads/4b682260/history/Young-Boys-Stats-and-History
22a5a99c,Zürich (M),Switzerland,UEFA,https://fbref.com/en/squads/22a5a99c/history/Zurich-Stats-and-History
cdaf4e6d,St. Gallen (M),Switzerland,UEFA,https://fbref.com/en/squads/cdaf4e6d/history/St-Gallen-Stats-and-History
7b66a29c,Grasshopper (M),Switzerland,UEFA,https://fbref.com/en/squads/7b66a29c/history/Grasshopper-Stats-and-History
d423a378,Luzern (M),Switzerland,UEFA,https://fbref.com/en/squads/d423a378/history/Luzern-Stats-and-History
abeb5edb,Defence Force FC (M),Trinidad and Tobago,CONCACAF,https://fbref.com/en/squads/abeb5edb/history/Defence-Force-FC-Stats-and-History
b750be20,Espérance de Tunis (M),Tunisia,CAF,https://fbref.com/en/squads/b750be20/history/Esperance-de-Tunis-Stats-and-History
ecd11ca2,Galatasaray (M),Türkiye,UEFA,https://fbref.com/en/squads/ecd11ca2/history/Galatasaray-Stats-and-History
ae1e2d7d,Fenerbahçe (M),Türkiye,UEFA,https://fbref.com/en/squads/ae1e2d7d/history/Fenerbahce-Stats-and-History
0f9294bd,Beşiktaş (M),Türkiye,UEFA,https://fbref.com/en/squads/0f9294bd/history/Besiktas-Stats-and-History
c8ad3091,Trabzonspor (M),Türkiye,UEFA,https://fbref.com/en/squads/c8ad3091/history/Trabzonspor-Stats-and-History
bff39cf5,İstanbul Başakşehir (M),Türkiye,UEFA,https://fbref.com/en/squads/bff39cf5/history/Istanbul-Basaksehir-Stats-and-History
c63f6c0c,Sivasspor (M),Türkiye,UEFA,https://fbref.com/en/squads/c63f6c0c/history/Sivasspor-Stats-and-History
e89d5a28,Shakhtar Donetsk (M),Ukraine,UEFA,https://fbref.com/en/squads/e89d5a28/history/Shakhtar-Donetsk-Stats-and-History
c734e22f,Dynamo Kyiv (M),Ukraine,UEFA,https://fbref.com/en/squads/c734e22f/history/Dynamo-Kyiv-Stats-and-History
946a30cb,Zorya Luhansk (M),Ukraine,UEFA,https://fbref.com/en/squads/946a30cb/history/Zorya-Luhansk-Stats-and-History
99f258c2,Vorskla Poltava (M),Ukraine,UEFA,https://fbref.com/en/squads/99f258c2/history/Vorskla-Poltava-Stats-and-History
c4770a69,FC Dnipro (M),Ukraine,UEFA,https://fbref.com/en/squads/c4770a69/history/FC-Dnipro-Stats-and-History
44ef020f,Metalist Kharkiv (M),Ukraine,UEFA,https://fbref.com/en/squads/44ef020f/history/Metalist-Kharkiv-Stats-and-History
8214df43,Al Jazira Club (M),United Arab Emirates,AFC,https://fbref.com/en/squads/8214df43/history/Al-Jazira-Club-Stats-and-History
9181eb96,Al Ain FC (M),United Arab Emirates,AFC,https://fbref.com/en/squads/9181eb96/history/Al-Ain-FC-Stats-and-History
d8b46897,LA Galaxy (M),United States,CONCACAF,https://fbref.com/en/squads/d8b46897/history/LA-Galaxy-Stats-and-History
529ba333,Columbus Crew (M),United States,CONCACAF,https://fbref.com/en/squads/529ba333/history/Columbus-Crew-Stats-and-History
69a0fb10,New York Red Bulls (M),United States,CONCACAF,https://fbref.com/en/squads/69a0fb10/history/New-York-Red-Bulls-Stats-and-History
15cf8f40,FC Dallas (M),United States,CONCACAF,https://fbref.com/en/squads/15cf8f40/history/FC-Dallas-Stats-and-History
4acb0537,Sporting Kansas City (M),United States,CONCACAF,https://fbref.com/en/squads/4acb0537/history/Sporting-Kansas-City-Stats-and-History
3c079def,New England Revolution (M),United States,CONCACAF,https://fbref.com/en/squads/3c079def/history/New-England-Revolution-Stats-and-History
26ebba72,Nacional (M),Uruguay,CONMEBOL,https://fbref.com/en/squads/26ebba72/history/Nacional-Stats-and-History
e2d73ee6,Peñarol (M),Uruguay,CONMEBOL,https://fbref.com/en/squads/e2d73ee6/history/Penarol-Stats-and-History
563b8846,Defensor Sporting (M),Uruguay,CONMEBOL,https://fbref.com/en/squads/563b8846/history/Defensor-Sporting-Stats-and-History
81476932,Montevideo Wanderers (M),Uruguay,CONMEBOL,https://fbref.com/en/squads/81476932/history/Montevideo-Wanderers-Stats-and-History
e87167c6,Liverpool (M),Uruguay,CONMEBOL,https://fbref.com/en/squads/e87167c6/history/Liverpool-Stats-and-History
9ae9b58c,River Plate (M),Uruguay,CONMEBOL,https://fbref.com/en/squads/9ae9b58c/history/River-Plate-Stats-and-History
7701ed02,Deportivo Táchira (M),Venezuela,CONMEBOL,https://fbref.com/en/squads/7701ed02/history/Deportivo-Tachira-Stats-and-History
2583cf18,Caracas (M),Venezuela,CONMEBOL,https://fbref.com/en/squads/2583cf18/history/Caracas-Stats-and-History
0f8ef17f,Deportivo La Guaira (M),Venezuela,CONMEBOL,https://fbref.com/en/squads/0f8ef17f/history/Deportivo-La-Guaira-Stats-and-History
90e07850,Carabobo (M),Venezuela,CONMEBOL,https://fbref.com/en/squads/90e07850/history/Carabobo-Stats-and-History
bcdc5828,Zamora (M),Venezuela,CONMEBOL,https://fbref.com/en/squads/bcdc5828/history/Zamora-Stats-and-History
dcbc2e42,Estudiantes de Mérida (M),Venezuela,CONMEBOL,https://fbref.com/en/squads/dcbc2e42/history/Estudiantes-de-Merida-Stats-and-History
fd12ff13,The New Saints FC (M),Wales,UEFA,https://fbref.com/en/squads/fd12ff13/history/The-New-Saints-FC-Stats-and-History
d8760be1,Barry Town United FC (M),Wales,UEFA,https://fbref.com/en/squads/d8760be1/history/Barry-Town-United-FC-Stats-and-History
8f366bba,Cardiff Metropolitan (F),Wales,UEFA,https://fbref.com/en/squads/8f366bba/history/Cardiff-Metropolitan-Women-Stats-and-History
ae449364,Llanelli AFC (M),Wales,UEFA,https://fbref.com/en/squads/ae449364/history/Llanelli-AFC-Stats-and-History
7d326cbe,Gap Connah's Quay FC (M),Wales,UEFA,https://fbref.com/en/squads/7d326cbe/history/Gap-Connahs-Quay-FC-Stats-and-History
56b45f69,Bala Town FC (M),Wales,UEFA,https://fbref.com/en/squads/56b45f69/history/Bala-Town-FC-Stats-and-History
